Timestamp,idPaymentTrx,count,sent,error,EPC0,EPC1,EPC2,EPC3,EPC4,EPC5,EPC6,EPC7,EPC8,EPC9,EPC10,EPC11,EPC12,EPC13,EPC14,EPC15,EPC16
1698595671,MAC00142D488088-20231029170716-137-3445444,1,1,,,330593D1EB7F6000000089F3
1698595674,MAC00142D488088-20231029170716-137-3445444,1,1,,,330593D1EB7F600000015B86
1698595933,MAC00142D488088-20231029171154-137-3723638,1,1,,,330593D1EB7F600000015805
1698596074,MAC00142D488088-20231029171410-137-3860144,1,1,,,330593D1EB7F600000010691
1698596076,MAC00142D488088-20231029171410-137-3860144,1,1,,,330593D1EB7F600000006AB4
1698596182,MAC00142D488088-20231029171602-137-3972086,1,1,,,330593D1EB7F60000000F7E5
1698596580,MAC00142D488088-20231029172225-137-4354476,1,1,,,330593D1EB7F6000000094E1
1698596582,MAC00142D488088-20231029172225-137-4354476,1,1,,,330593D1EB7F600000002007
1698596594,MAC00142D488088-20231029172225-137-4354476,1,1,,,330593D1EB7F600000007516
1698596596,MAC00142D488088-20231029172225-137-4354476,1,1,,,330593D1EB7F6000000068F4
1698597067,MAC00142D488088-20231029173046-137-4856402,1,1,,,330593D1EB7F600000003103
1698597069,MAC00142D488088-20231029173046-137-4856402,1,1,,,330593D1EB7F600000006307
1698597077,MAC00142D488088-20231029173046-137-4856402,1,1,,,330593D1EB7F60000000C717
1698597442,MAC00142D488088-20231029173653-137-5222681,1,1,,,330593D1EB7F600000004DDF
1698597484,MAC00142D488088-20231029173653-137-5222681,1,1,,,330593D1EB7F6000000060C8
1698597486,MAC00142D488088-20231029173653-137-5222681,1,1,,,330593D1EB7F600000016635
1698597507,MAC00142D488088-20231029173653-137-5222681,1,1,,,330593D1EB7F6000000017D9
1698597627,MAC00142D488088-20231029174014-137-5423718,1,1,,,330593D1EB7F600000010EAB
1698597692,MAC00142D488088-20231029174109-137-5479310,1,1,,,330593D1EB7F600000005988
1698597693,MAC00142D488088-20231029174109-137-5479310,1,1,,,330593D1EB7F600000005FDC
1698597704,MAC00142D488088-20231029174109-137-5479310,1,1,,,330593D1EB7F600000010D81
1698597704,MAC00142D488088-20231029174109-137-5479310,1,1,,,330593D1EB7F60000000042E
1698597706,MAC00142D488088-20231029174109-137-5479310,1,1,,,330593D1EB7F6000000045D9
1698597839,MAC00142D488088-20231029174342-137-5632380,1,1,,,330593D1EB7F600000010D9A
1698597849,MAC00142D488088-20231029174342-137-5632380,1,1,,,330593D1EB7F60000000BA1D
1698597850,MAC00142D488088-20231029174342-137-5632380,1,1,,,330593D1EB7F6000000008D9
1698598041,MAC00142D488088-20231029174606-137-5775550,1,1,,,330593D1EB7F600000010322
1698598119,MAC00142D488088-20231029174819-137-5908799,1,1,,,330593D1EB7F6000000046CE
1698598120,MAC00142D488088-20231029174819-137-5908799,1,1,,,330593D1EB7F6000000059D3
1698598159,MAC00142D488088-20231029174858-137-5947902,1,1,,,330593D1EB7F60000000AC23
1698598188,MAC00142D488088-20231029174933-137-5983205,1,1,,,330593D1EB7F600000005CCF
1698598189,MAC00142D488088-20231029174933-137-5983205,1,1,,,330593D1EB7F600000014DAB
1698598273,MAC00142D488088-20231029175057-137-6067091,1,1,,,330593D1EB7F60000000F80E
1698598274,MAC00142D488088-20231029175057-137-6067091,1,1,,,330593D1EB7F6000000087B5
1698598297,MAC00142D488088-20231029175126-137-6096147,1,1,,,330593D1EB7F60000000538B
1698598354,MAC00142D488088-20231029175222-137-6151452,1,1,,,330593D1EB7F600000011C80
1698598354,MAC00142D488088-20231029175222-137-6151452,1,1,,,330593D1EB7F6000000057A5
1698598454,MAC00142D488088-20231029175335-137-6225426,1,1,,,330593D1EB7F600000005002
1698598520,MAC00142D488088-20231029175506-137-6315687,1,1,,,330593D1EB7F60000000648E
1698598534,MAC00142D488088-20231029175506-137-6315687,1,1,,,330593D1EB7F60000001525D
1698598589,MAC00142D488088-20231029175616-137-6386084,1,1,,,330593D1EB7F60000000F88C
1698598766,MAC00142D488088-20231029175902-137-6552262,1,1,,,330593D1EB7F6000000120DB
1698598769,MAC00142D488088-20231029175902-137-6552262,1,1,,,330593D1EB7F600000001DA5
1698598769,MAC00142D488088-20231029175902-137-6552262,1,1,,,330593D1EB7F6000000151F0
1698598820,MAC00142D488088-20231029180002-137-6612418,1,1,,,330593D1EB7F600000001C50
1698598822,MAC00142D488088-20231029180002-137-6612418,1,1,,,330593D1EB7F600000008DCE
1698598824,MAC00142D488088-20231029180002-137-6612418,1,1,,,330593D1EB7F600000008DA5
1698598865,MAC00142D488088-20231029180045-137-6654789,1,1,,,330593D1EB7F60000000309B
1698598868,MAC00142D488088-20231029180045-137-6654789,1,1,,,330593D1EB7F600000014591
1698598870,MAC00142D488088-20231029180045-137-6654789,1,1,,,330593D1EB7F60000000FA88
1698598879,MAC00142D488088-20231029180045-137-6654789,1,1,,,330593D1EB7F60000000FCF1
1698598880,MAC00142D488088-20231029180045-137-6654789,1,1,,,330593D1EB7F6000000089EA
1698598901,MAC00142D488088-20231029180131-137-6700546,1,1,,,330593D1EB7F60000000B9AF
1698598970,MAC00142D488088-20231029180200-137-6729546,1,1,,,330593D1EB7F600000011E74
1698598973,MAC00142D488088-20231029180200-137-6729546,1,1,,,330593D1EB7F60000000ADB0
1698598975,MAC00142D488088-20231029180200-137-6729546,1,1,,,330593D1EB7F60000000FBAB
1698598983,MAC00142D488088-20231029180200-137-6729546,1,1,,,330593D1EB7F6000000103B6
1698599013,MAC00142D488088-20231029180321-137-6811302,1,1,,,330593D1EB7F60000000BA79
1698599059,MAC00142D488088-20231029180346-137-6835795,1,1,,,330593D1EB7F600000001A2C
1698599061,MAC00142D488088-20231029180346-137-6835795,1,1,,,330593D1EB7F60000000FF2B
1698599101,MAC00142D488088-20231029180451-137-6900760,1,1,,,330593D1EB7F600000003E5B
1698599123,MAC00142D488088-20231029180510-137-6920008,1,1,,,330593D1EB7F600000015796
1698599124,MAC00142D488088-20231029180510-137-6920008,1,1,,,330593D1EB7F6000000073D9
1698599133,MAC00142D488088-20231029180510-137-6920008,1,1,,,330593D1EB7F60000000C3BF
1698599134,MAC00142D488088-20231029180510-137-6920008,1,1,,,330593D1EB7F600000008DF0
1698599153,MAC00142D488088-20231029180541-137-6951350,1,1,,,330593D1EB7F60000001607B
1698599188,MAC00142D488088-20231029180607-137-6977256,1,1,,,330593D1EB7F6000000050A9
1698599188,MAC00142D488088-20231029180607-137-6977256,1,1,,,330593D1EB7F60000000AA48
1698599198,MAC00142D488088-20231029180607-137-6977256,1,1,,,330593D1EB7F600000003F31
1698599198,MAC00142D488088-20231029180607-137-6977256,1,1,,,330593D1EB7F60000000AD50
1698599269,MAC00142D488088-20231029180730-137-7059510,1,1,,,330593D1EB7F60000001612D
1698599289,MAC00142D488088-20231029180730-137-7059510,1,1,,,330593D1EB7F600000006386
1698599414,MAC00142D488088-20231029180956-137-7206346,1,1,,,330593D1EB7F600000015E80
1698599418,MAC00142D488088-20231029180956-137-7206346,1,1,,,330593D1EB7F600000015872
1698599468,MAC00142D488088-20231029181029-137-7238751,1,1,,,330593D1EB7F600000004088
1698599552,MAC00142D488088-20231029181218-137-7347661,1,1,,,330593D1EB7F600000003773
1698599575,MAC00142D488088-20231029181239-137-7368597,1,1,,,330593D1EB7F600000004AF1
1698599651,MAC00142D488088-20231029181321-137-7410491,1,1,,,330593D1EB7F60000001454D
1698599652,MAC00142D488088-20231029181321-137-7410491,1,1,,,330593D1EB7F600000009440
1698599685,MAC00142D488088-20231029181426-137-7475872,1,1,,,330593D1EB7F60000000FC8B
1698599686,MAC00142D488088-20231029181426-137-7475872,1,1,,,330593D1EB7F600000002FE1
1698599702,MAC00142D488088-20231029181426-137-7475872,1,1,,,330593D1EB7F60000000715A
1698599721,MAC00142D488088-20231029181512-137-7521550,1,1,,,330593D1EB7F60000000433D
1698599747,MAC00142D488088-20231029181535-137-7544757,1,1,,,330593D1EB7F6000000097C4
1698599783,MAC00142D488088-20231029181600-137-7570024,1,1,,,330593D1EB7F600000015EB9
1698599784,MAC00142D488088-20231029181600-137-7570024,1,1,,,330593D1EB7F60000000BF0C
1698599886,MAC00142D488088-20231029181723-137-7652986,1,1,,,330593D1EB7F60000000F8CC
1698599894,MAC00142D488088-20231029181723-137-7652986,1,1,,,330593D1EB7F60000000396C
1698599938,MAC00142D488088-20231029181842-137-7731800,1,1,,,330593D1EB7F600000011ADF
1698599961,MAC00142D488088-20231029181906-137-7755542,1,1,,,330593D1EB7F6000000017D4
1698599975,MAC00142D488088-20231029181924-137-7774260,1,1,,,330593D1EB7F600000015BE6
1698600004,MAC00142D488088-20231029181950-137-7799468,1,1,,,330593D1EB7F600000015F1E
1698600029,MAC00142D488088-20231029181950-137-7799468,1,1,,,330593D1EB7F60000000A772
1698600030,MAC00142D488088-20231029181950-137-7799468,1,1,,,330593D1EB7F60000000B77E
1698600132,MAC00142D488088-20231029182159-137-7928538,1,1,,,330593D1EB7F6000000006F2
1698600133,MAC00142D488088-20231029182159-137-7928538,1,1,,,330593D1EB7F6000000063BB
1698600186,MAC00142D488088-20231029182229-137-7958536,1,1,,,330593D1EB7F60000000B8C0
1698600217,MAC00142D488088-20231029182313-137-8002813,1,1,,,330593D1EB7F60000000F677
1698600219,MAC00142D488088-20231029182313-137-8002813,1,1,,,330593D1EB7F6000000089A9
1698600222,MAC00142D488088-20231029182313-137-8002813,1,1,,,330593D1EB7F600000003D15
1698600243,MAC00142D488088-20231029182349-137-8038473,1,1,,,330593D1EB7F60000000B4DD
1698600279,MAC00142D488088-20231029182428-137-8077640,1,1,,,330593D1EB7F600000014FAB
1698600296,MAC00142D488088-20231029182445-137-8094825,1,1,,,330593D1EB7F600000006BF1
1698600601,MAC00142D488088-20231029182854-137-8343713,1,1,,,330593D1EB7F600000015862
1698600604,MAC00142D488088-20231029182854-137-8343713,1,1,,,330593D1EB7F600000005EF2
1698600607,MAC00142D488088-20231029182854-137-8343713,1,1,,,330593D1EB7F60000000AA46
1698600615,MAC00142D488088-20231029182854-137-8343713,1,1,,,330593D1EB7F6000000050A1
1698600616,MAC00142D488088-20231029182854-137-8343713,1,1,,,330593D1EB7F60000000A663
1698601350,MAC00142D488088-20231029184111-137-9081097,1,1,,,330593D1EB7F600000008C5D
1698601411,MAC00142D488088-20231029184243-137-9172841,1,1,,,330593D1EB7F60000000955E
1698601414,MAC00142D488088-20231029184243-137-9172841,1,1,,,330593D1EB7F60000001470F
1698601416,MAC00142D488088-20231029184243-137-9172841,1,1,,,330593D1EB7F60000000A6CF
1698601427,MAC00142D488088-20231029184243-137-9172841,1,1,,,330593D1EB7F600000010569
1698601447,MAC00142D488088-20231029184243-137-9172841,1,1,,,330593D1EB7F600000010D1D
1698601525,MAC00142D488088-20231029184501-137-9310917,1,1,,,330593D1EB7F60000000C258
1698601526,MAC00142D488088-20231029184501-137-9310917,1,1,,,330593D1EB7F60000000B4A9
1698601536,MAC00142D488088-20231029184501-137-9310917,1,1,,,330593D1EB7F60000000399D
1698601536,MAC00142D488088-20231029184501-137-9310917,1,1,,,330593D1EB7F60000000897E
1698601549,MAC00142D488088-20231029184501-137-9310917,1,1,,,330593D1EB7F60000000B3B9
1698601549,MAC00142D488088-20231029184501-137-9310917,1,1,,,330593D1EB7F6000000087A0
1698601559,MAC00142D488088-20231029184501-137-9310917,1,1,,,330593D1EB7F6000000109C7
1698601560,MAC00142D488088-20231029184501-137-9310917,1,1,,,330593D1EB7F600000009741
1698601567,MAC00142D488088-20231029184501-137-9310917,1,1,,,330593D1EB7F60000000A677
1698601605,MAC00142D488088-20231029184501-137-9310917,1,1,,,330593D1EB7F60000000F8FE
1698601659,MAC00142D488088-20231029184725-137-9455390,1,1,,,330593D1EB7F600000011B24
1698601660,MAC00142D488088-20231029184725-137-9455390,1,1,,,330593D1EB7F60000000B271
1698601696,MAC00142D488088-20231029184800-137-9490079,1,1,,,330593D1EB7F60000000929A
1698601697,MAC00142D488088-20231029184800-137-9490079,1,1,,,330593D1EB7F60000000A693
1698601862,MAC00142D488088-20231029185048-137-9657459,1,1,,,330593D1EB7F600000001EFA
1698601863,MAC00142D488088-20231029185048-137-9657459,1,1,,,330593D1EB7F600000000291
1698601893,MAC00142D488088-20231029185118-137-9688028,1,1,,,330593D1EB7F600000011F1E
1698602120,MAC00142D488088-20231029185452-137-9902267,1,1,,,330593D1EB7F600000003653
1698602120,MAC00142D488088-20231029185452-137-9902267,1,1,,,330593D1EB7F6000000031DA
1698602127,MAC00142D488088-20231029185452-137-9902267,1,1,,,330593D1EB7F6000000009DB
1698602159,MAC00142D488088-20231029185548-137-9958135,1,1,,,330593D1EB7F600000003722
1698602195,MAC00142D488088-20231029185619-137-9989334,1,1,,,330593D1EB7F60000000603B
1698602196,MAC00142D488088-20231029185619-137-9989334,1,1,,,330593D1EB7F600000002FAF
1698602232,MAC00142D488088-20231029185656-137-10025876,1,1,,,330593D1EB7F600000009818
1698602232,MAC00142D488088-20231029185656-137-10025876,1,1,,,330593D1EB7F60000000C311
1698602255,MAC00142D488088-20231029185725-137-10054896,1,1,,,330593D1EB7F600000003121
1698602315,MAC00142D488088-20231029185823-137-10112866,1,1,,,330593D1EB7F60000000B694
1698602315,MAC00142D488088-20231029185823-137-10112866,1,1,,,330593D1EB7F60000000F6B1
1698602598,MAC00142D488088-20231029190303-137-10392757,1,1,,,330593D1EB7F60000000AC97
1698602678,MAC00142D488088-20231029190424-137-10473852,1,1,,,330593D1EB7F600000007099
1698602679,MAC00142D488088-20231029190424-137-10473852,1,1,,,330593D1EB7F60000000B46B
1698602707,MAC00142D488088-20231029190457-137-10506689,1,1,,,330593D1EB7F60000000B677
1698602743,MAC00142D488088-20231029190519-137-10529006,1,1,,,330593D1EB7F600000011E39
1698602745,MAC00142D488088-20231029190519-137-10529006,1,1,,,330593D1EB7F6000000008CA
1698602746,MAC00142D488088-20231029190519-137-10529006,1,1,,,330593D1EB7F600000011EE5
1698602750,MAC00142D488088-20231029190519-137-10529006,1,1,,,330593D1EB7F600000008EA9
1698602757,MAC00142D488088-20231029190519-137-10529006,1,1,,,330593D1EB7F60000000C321
1698602758,MAC00142D488088-20231029190519-137-10529006,1,1,,,330593D1EB7F600000003F1F
1698602789,MAC00142D488088-20231029190519-137-10529006,1,1,,,330593D1EB7F6000000120C8
1698602809,MAC00142D488088-20231029190640-137-10609836,1,1,,,330593D1EB7F600000006A57
1698602883,MAC00142D488088-20231029190731-137-10660646,1,1,,,330593D1EB7F600000004ED9
1698602886,MAC00142D488088-20231029190731-137-10660646,1,1,,,330593D1EB7F600000010EDF
1698602886,MAC00142D488088-20231029190731-137-10660646,1,1,,,330593D1EB7F600000003031
1698602889,MAC00142D488088-20231029190731-137-10660646,1,1,,,330593D1EB7F600000014650
1698602904,MAC00142D488088-20231029190731-137-10660646,1,1,,,330593D1EB7F6000000050EE
1698602904,MAC00142D488088-20231029190731-137-10660646,1,1,,,330593D1EB7F600000015FD3
1698602913,MAC00142D488088-20231029190731-137-10660646,1,1,,,330593D1EB7F60000000B2D4
1698602914,MAC00142D488088-20231029190731-137-10660646,1,1,,,330593D1EB7F600000004573
1698602952,MAC00142D488088-20231029190731-137-10660646,1,1,,,330593D1EB7F600000001BF9
1698603096,MAC00142D488088-20231029191123-137-10892909,1,1,,,330593D1EB7F600000005FE5
1698603097,MAC00142D488088-20231029191123-137-10892909,1,1,,,330593D1EB7F600000003B07
1698603141,MAC00142D488088-20231029191204-137-10933538,1,1,,,330593D1EB7F60000000B862
1698603142,MAC00142D488088-20231029191204-137-10933538,1,1,,,330593D1EB7F60000001474D
1698603152,MAC00142D488088-20231029191204-137-10933538,1,1,,,330593D1EB7F60000000C136
1698603193,MAC00142D488088-20231029191252-137-10982060,2,1,,,330593D1EB7F600000001949,330593D1EB7F600000008AA6
1698603194,MAC00142D488088-20231029191252-137-10982060,1,1,,,330593D1EB7F6000000057E0
1698603266,MAC00142D488088-20231029191327-137-11016881,1,1,,,330593D1EB7F6000000067CA
1698603268,MAC00142D488088-20231029191327-137-11016881,1,1,,,330593D1EB7F6000000052CE
1698603296,MAC00142D488088-20231029191327-137-11016881,3,1,,,330593D1EB7F60000000933A,330593D1EB7F60000000B1D7,330593D1EB7F60000000C21F
1698603323,MAC00142D488088-20231029191502-137-11112304,1,1,,,330593D1EB7F600000006510
1698603347,MAC00142D488088-20231029191531-137-11141372,1,1,,,330593D1EB7F6000000089DE
1698603348,MAC00142D488088-20231029191531-137-11141372,1,1,,,330593D1EB7F60000000C16B
1698603368,MAC00142D488088-20231029191531-137-11141372,2,1,,,330593D1EB7F600000001A18,330593D1EB7F60000000B280
1698603391,MAC00142D488088-20231029191531-137-11141372,1,1,,,330593D1EB7F60000000B062
1698603410,MAC00142D488088-20231029191635-137-11204778,1,1,,,330593D1EB7F600000003D61
1698603411,MAC00142D488088-20231029191635-137-11204778,1,1,,,330593D1EB7F600000014833
1698603444,MAC00142D488088-20231029191702-137-11231513,2,1,,,330593D1EB7F6000000101D7,330593D1EB7F600000014DF1
1698603456,MAC00142D488088-20231029191702-137-11231513,2,1,,,330593D1EB7F60000000501B,330593D1EB7F60000000BDDE
1698603465,MAC00142D488088-20231029191702-137-11231513,1,1,,,330593D1EB7F60000000A9EA
1698603508,MAC00142D488088-20231029191813-137-11302885,1,1,,,330593D1EB7F60000000C243
1698603509,MAC00142D488088-20231029191813-137-11302885,2,1,,,330593D1EB7F6000000042A3,330593D1EB7F60000000FD76
1698603538,MAC00142D488088-20231029191844-137-11333935,1,1,,,330593D1EB7F600000003B72
1698603539,MAC00142D488088-20231029191844-137-11333935,1,1,,,330593D1EB7F600000014DCD
1698603673,MAC00142D488088-20231029192011-137-11420822,1,1,,,330593D1EB7F60000000F8BB
1698603769,MAC00142D488088-20231029192125-137-11494520,3,1,,,330593D1EB7F60000000BD2C,330593D1EB7F60000000C31C,330593D1EB7F600000015C64
1698603787,MAC00142D488088-20231029192125-137-11494520,3,1,,,330593D1EB7F6000000096C3,330593D1EB7F6000000096CF,330593D1EB7F600000014BCA
1698603841,MAC00142D488088-20231029192316-137-11606321,1,1,,,330593D1EB7F600000008E28
1698603842,MAC00142D488088-20231029192316-137-11606321,1,1,,,330593D1EB7F60000000F940
1698603850,MAC00142D488088-20231029192316-137-11606321,1,1,,,330593D1EB7F600000015C3B
1698603877,MAC00142D488088-20231029192420-137-11670254,1,1,,,330593D1EB7F600000003771
1698603922,MAC00142D488088-20231029192513-137-11723074,1,1,,,330593D1EB7F60000000FB09
1698603938,MAC00142D488088-20231029192527-137-11737377,1,1,,,330593D1EB7F6000000058C0
1698603963,MAC00142D488088-20231029192546-137-11755667,3,1,,,330593D1EB7F60000000406A,330593D1EB7F600000006160,330593D1EB7F600000014E30
1698604165,MAC00142D488088-20231029192907-137-11957170,3,1,,,330593D1EB7F60000000702B,330593D1EB7F60000000967A,330593D1EB7F600000015953
1698604309,MAC00142D488088-20231029193132-137-12102040,3,1,,,330593D1EB7F60000000F6F8,330593D1EB7F6000000100BD,330593D1EB7F60000001519D
1698604360,MAC00142D488088-20231029193132-137-12102040,1,1,,,330593D1EB7F60000000B1C4
1698604386,MAC00142D488088-20231029193257-137-12186728,1,1,,,330593D1EB7F6000000109DE
1698604416,MAC00142D488088-20231029193325-137-12214982,1,1,,,330593D1EB7F60000000A97A
1698604466,MAC00142D488088-20231029193408-137-12257799,2,1,,,330593D1EB7F60000000F9F1,330593D1EB7F600000014A62
1698604522,MAC00142D488088-20231029193508-137-12318337,1,1,,,330593D1EB7F60000000C6F6
1698604523,MAC00142D488088-20231029193508-137-12318337,1,1,,,330593D1EB7F600000008CFF
1698604543,MAC00142D488088-20231029193508-137-12318337,1,1,,,330593D1EB7F60000001503F
1698604583,MAC00142D488088-20231029193603-137-12373103,1,1,,,330593D1EB7F60000000C38E
1698604629,MAC00142D488088-20231029193603-137-12373103,2,1,,,330593D1EB7F6000000067C9,330593D1EB7F60000000F6B7
1698604721,MAC00142D488088-20231029193826-137-12516327,1,1,,,330593D1EB7F60000000B3AE
1698604749,MAC00142D488088-20231029193846-137-12535495,2,1,,,330593D1EB7F600000003EFD,330593D1EB7F600000014797
1698604767,MAC00142D488088-20231029193917-137-12566525,1,1,,,330593D1EB7F600000006FCD
1698604783,MAC00142D488088-20231029193931-137-12581158,1,1,,,330593D1EB7F60000001026D
1698604801,MAC00142D488088-20231029193949-137-12598513,2,1,,,330593D1EB7F60000001013C,330593D1EB7F600000011B01
1698604820,MAC00142D488088-20231029194009-137-12618703,1,1,,,330593D1EB7F600000010CA7
1698604856,MAC00142D488088-20231029194044-137-12654425,1,1,,,330593D1EB7F600000004B59
1698604880,MAC00142D488088-20231029194105-137-12674562,1,1,,,330593D1EB7F600000006569
1698604881,MAC00142D488088-20231029194105-137-12674562,1,1,,,330593D1EB7F60000000FBAA
1698604919,MAC00142D488088-20231029194146-137-12715710,1,1,,,330593D1EB7F60000000005A
1698604920,MAC00142D488088-20231029194146-137-12715710,1,1,,,330593D1EB7F600000004420
1698604977,MAC00142D488088-20231029194242-137-12771892,1,1,,,330593D1EB7F600000003ADC
1698604977,MAC00142D488088-20231029194242-137-12771892,1,1,,,330593D1EB7F60000000006F
1698604997,MAC00142D488088-20231029194305-137-12795234,2,1,,,330593D1EB7F600000006771,330593D1EB7F60000000A923
1698605050,MAC00142D488088-20231029194357-137-12846489,2,1,,,330593D1EB7F6000000001AB,330593D1EB7F60000000021D
1698605078,MAC00142D488088-20231029194422-137-12871733,3,1,,,330593D1EB7F600000003197,330593D1EB7F600000004E6B,330593D1EB7F60000000C47A
1698605090,MAC00142D488088-20231029194422-137-12871733,3,1,,,330593D1EB7F600000011C3E,330593D1EB7F60000001594C,330593D1EB7F600000015AAC
1698605143,MAC00142D488088-20231029194533-137-12942731,1,1,,,330593D1EB7F600000004984
1698605206,MAC00142D488088-20231029194629-137-12998535,2,1,,,330593D1EB7F60000000617A,330593D1EB7F600000014CD7
1698605207,MAC00142D488088-20231029194629-137-12998535,1,1,,,330593D1EB7F6000000032F1
1698605228,MAC00142D488088-20231029194629-137-12998535,1,1,,,330593D1EB7F6000000018B4
1698605493,MAC00142D488088-20231029195116-137-13285484,3,1,,,330593D1EB7F600000000864,330593D1EB7F600000001AFD,330593D1EB7F600000006A82
1698605597,MAC00142D488088-20231029195227-137-13356736,3,1,,,330593D1EB7F60000000B6BD,330593D1EB7F60000001519E,330593D1EB7F600000016709
1698605605,MAC00142D488088-20231029195227-137-13356736,1,1,,,330593D1EB7F6000000156C4
1698605673,MAC00142D488088-20231029195420-137-13469787,1,1,,,330593D1EB7F60000000C1DB
1698605874,MAC00142D488088-20231029195740-137-13670363,2,1,,,330593D1EB7F60000000046C,330593D1EB7F60000000934E
1698606026,MAC00142D488088-20231029200005-137-13815077,1,1,,,330593D1EB7F600000004B40
1698606164,MAC00142D488088-20231029200211-137-13941356,1,1,,,330593D1EB7F600000006DB1
1698606165,MAC00142D488088-20231029200211-137-13941356,1,1,,,330593D1EB7F600000001CF4
1698606169,MAC00142D488088-20231029200211-137-13941356,1,1,,,330593D1EB7F600000011FF5
1698606279,MAC00142D488088-20231029200421-137-14070836,1,1,,,330593D1EB7F60000001664A
1698606465,MAC00142D488088-20231029200724-137-14254235,1,1,,,330593D1EB7F600000008B4F
1698606466,MAC00142D488088-20231029200724-137-14254235,1,1,,,330593D1EB7F60000000C43D
1698606823,MAC00142D488088-20231029201302-137-14592343,3,1,,,330593D1EB7F600000005B25,330593D1EB7F60000000978F,330593D1EB7F60000000C0CA
1698606834,MAC00142D488088-20231029201302-137-14592343,1,1,,,330593D1EB7F600000003681
1698606834,MAC00142D488088-20231029201302-137-14592343,1,1,,,330593D1EB7F600000003EC2
1698606890,MAC00142D488088-20231029201439-137-14689084,1,1,,,330593D1EB7F6000000032C8
1698606903,MAC00142D488088-20231029201452-137-14701684,1,1,,,330593D1EB7F600000006C37
1698607317,MAC00142D488088-20231029202126-137-15096312,1,1,,,330593D1EB7F6000000149A3
1698607318,MAC00142D488088-20231029202126-137-15096312,1,1,,,330593D1EB7F60000000483A
1698607391,MAC00142D488088-20231029202255-137-15185056,3,1,,,330593D1EB7F600000004299,330593D1EB7F600000005A88,330593D1EB7F600000005B51
1698607455,MAC00142D488088-20231029202353-137-15243292,4,1,,,330593D1EB7F600000003D38,330593D1EB7F6000000042EB,330593D1EB7F6000000065E0,330593D1EB7F60000000B664
1698608400,MAC00142D488088-20231029203943-137-16192670,2,1,,,330593D1EB7F600000003A47,330593D1EB7F6000000097E2
1698608401,MAC00142D488088-20231029203943-137-16192670,1,1,,,330593D1EB7F6000000017EF
1698608403,MAC00142D488088-20231029203943-137-16192670,1,1,,,330593D1EB7F600000015810
1698608464,MAC00142D488088-20231029204050-137-16260160,1,1,,,330593D1EB7F60000000FB04
1698608485,MAC00142D488088-20231029204111-137-16281022,2,1,,,330593D1EB7F600000003288,330593D1EB7F60000000B7E2
1698608576,MAC00142D488088-20231029204226-137-16355772,1,1,,,330593D1EB7F6000000035E1
1698608583,MAC00142D488088-20231029204226-137-16355772,1,1,,,330593D1EB7F60000000A631
1698608593,MAC00142D488088-20231029204226-137-16355772,1,1,,,330593D1EB7F60000000FA27
1698608646,MAC00142D488088-20231029204350-137-16439592,1,1,,,330593D1EB7F60000000AAD7
1698608647,MAC00142D488088-20231029204350-137-16439592,1,1,,,330593D1EB7F600000002244
1698608647,MAC00142D488088-20231029204350-137-16439592,1,1,,,330593D1EB7F600000002229
1698608648,MAC00142D488088-20231029204350-137-16439592,1,1,,,330593D1EB7F600000008A5A
1698608895,MAC00142D488088-20231029204735-137-16665181,2,1,,,330593D1EB7F6000000032EB,330593D1EB7F600000010C1E
1698608926,MAC00142D488088-20231029204833-137-16723226,3,1,,,330593D1EB7F60000000032D,330593D1EB7F600000009842,330593D1EB7F60000000AD52
1698608926,MAC00142D488088-20231029204833-137-16723226,1,1,,,330593D1EB7F60000000424C
1698608958,MAC00142D488088-20231029204906-137-16756309,4,1,,,330593D1EB7F60000000392B,330593D1EB7F6000000043DC,330593D1EB7F6000000097A9,330593D1EB7F60000000C3F2
1698608966,MAC00142D488088-20231029204906-137-16756309,1,1,,,330593D1EB7F600000011999
1698609033,MAC00142D488088-20231029205019-137-16828818,2,1,,,330593D1EB7F60000000448C,330593D1EB7F60000000FD9C
1698609034,MAC00142D488088-20231029205019-137-16828818,1,1,,,330593D1EB7F600000016102
1698609064,MAC00142D488088-20231029205051-137-16861024,1,1,,,330593D1EB7F600000001DBB
1698609095,MAC00142D488088-20231029205125-137-16895266,1,1,,,330593D1EB7F600000004935
1698609194,MAC00142D488088-20231029205300-137-16989520,1,1,,,330593D1EB7F600000015CAE
1698609194,MAC00142D488088-20231029205300-137-16989520,1,1,,,330593D1EB7F60000000B8B1
1699802902,MAC00142D488088-20231112162800-1153-3592376,1,1,,,330593D1EB7F600000014EBD
1699805864,MAC00142D488088-20231112171723-1153-6554543,2,1,,,330593D1EB7F600000005C79,330593D1EB7F600000010642
1699805928,MAC00142D488088-20231112171828-1153-6620051,2,1,,,330593D1EB7F600000006A3F,330593D1EB7F60000000B92A
1699805988,MAC00142D488088-20231112171925-1153-6676714,2,1,,,330593D1EB7F600000011A30,330593D1EB7F6000000161DD
1699806094,MAC00142D488088-20231112172106-1153-6777603,1,1,,,330593D1EB7F60000000FE2D
1699806095,MAC00142D488088-20231112172106-1153-6777603,1,1,,,330593D1EB7F600000010C20
1699806114,MAC00142D488088-20231112172135-1153-6806833,1,1,,,330593D1EB7F600000003D85
1699806140,MAC00142D488088-20231112172159-1153-6831424,1,1,,,330593D1EB7F6000000096AC
1699806177,MAC00142D488088-20231112172233-1153-6864918,1,1,,,330593D1EB7F60000000F8FB
1699806326,MAC00142D488088-20231112172504-1153-7016322,1,1,,,330593D1EB7F600000014EE7
1699806365,MAC00142D488088-20231112172531-1153-7042524,2,1,,,330593D1EB7F60000000470D,330593D1EB7F600000005BF6
1699806447,MAC00142D488088-20231112172706-1153-7138441,1,1,,,330593D1EB7F600000003B50
1699806483,MAC00142D488088-20231112172743-1153-7175284,1,1,,,330593D1EB7F600000001B64
1699806581,MAC00142D488088-20231112172915-1153-7266980,1,1,,,330593D1EB7F600000003FC5
1699806667,MAC00142D488088-20231112173045-1153-7356677,3,1,,,330593D1EB7F600000004C06,330593D1EB7F60000000B80F,330593D1EB7F60000000F6C3
1699806673,MAC00142D488088-20231112173045-1153-7356677,1,1,,,330593D1EB7F600000005909
1699806810,MAC00142D488088-20231112173308-1153-7500462,1,1,,,330593D1EB7F600000001EE6
1699806919,MAC00142D488088-20231112173455-1153-7606755,1,1,,,330593D1EB7F600000015E3B
1699806966,MAC00142D488088-20231112173545-1153-7656814,1,1,,,330593D1EB7F60000000593E
1699806966,MAC00142D488088-20231112173545-1153-7656814,1,1,,,330593D1EB7F60000000B409
1699806973,MAC00142D488088-20231112173545-1153-7656814,1,1,,,330593D1EB7F600000010547
1699806997,MAC00142D488088-20231112173609-1153-7681513,2,1,,,330593D1EB7F600000000309,330593D1EB7F600000001FAA
1699807004,MAC00142D488088-20231112173609-1153-7681513,1,1,,,330593D1EB7F600000008EE3
1699807029,MAC00142D488088-20231112173647-1153-7718561,1,1,,,330593D1EB7F6000000149AA
1699807108,MAC00142D488088-20231112173805-1153-7796980,2,1,,,330593D1EB7F600000010E7D,330593D1EB7F6000000120E3
1699807133,MAC00142D488088-20231112173830-1153-7821679,1,1,,,330593D1EB7F60000000444F
1699807136,MAC00142D488088-20231112173830-1153-7821679,1,1,,,330593D1EB7F60000000977B
1699807178,MAC00142D488088-20231112173917-1153-7869411,1,1,,,330593D1EB7F6000000041D9
1699807223,MAC00142D488088-20231112174002-1153-7913663,1,1,,,330593D1EB7F600000008FE8
1699807255,MAC00142D488088-20231112174002-1153-7913663,1,1,,,330593D1EB7F60000000AD77
1699807291,MAC00142D488088-20231112174104-1153-7976401,1,1,,,330593D1EB7F60000000F927
1699807291,MAC00142D488088-20231112174104-1153-7976401,1,1,,,330593D1EB7F600000015292
1699807346,MAC00142D488088-20231112174200-1153-8032473,3,1,,,330593D1EB7F60000000463E,330593D1EB7F6000000066F5,330593D1EB7F6000000103BE
1699807366,MAC00142D488088-20231112174226-1153-8058142,1,1,,,330593D1EB7F600000008FB7
1699807398,MAC00142D488088-20231112174300-1153-8092119,1,1,,,330593D1EB7F60000000098C
1699807399,MAC00142D488088-20231112174300-1153-8092119,1,1,,,330593D1EB7F6000000044C9
1699807455,MAC00142D488088-20231112174355-1153-8147454,1,1,,,330593D1EB7F600000014966
1699807482,MAC00142D488088-20231112174418-1153-8169776,2,1,,,330593D1EB7F600000003ED1,330593D1EB7F6000000091EF
1699807497,MAC00142D488088-20231112174418-1153-8169776,1,1,,,330593D1EB7F6000000071DA
1699807497,MAC00142D488088-20231112174418-1153-8169776,1,1,,,330593D1EB7F600000004931
1699807512,MAC00142D488088-20231112174418-1153-8169776,2,1,,,330593D1EB7F600000005B7D,330593D1EB7F600000014FE8
1699807587,MAC00142D488088-20231112174606-1153-8277549,2,1,,,330593D1EB7F60000000919B,330593D1EB7F60000000BAB8
1699807617,MAC00142D488088-20231112174624-1153-8295714,3,1,,,330593D1EB7F60000000BB89,330593D1EB7F6000000102DE,330593D1EB7F600000014541
1699807657,MAC00142D488088-20231112174703-1153-8335125,3,1,,,330593D1EB7F60000000420B,330593D1EB7F60000000F6AF,330593D1EB7F600000015DF4
1699807689,MAC00142D488088-20231112174742-1153-8374434,3,1,,,330593D1EB7F600000003576,330593D1EB7F600000004C71,330593D1EB7F60000000AC8F
1699807699,MAC00142D488088-20231112174742-1153-8374434,1,1,,,330593D1EB7F6000000156F4
1699807808,MAC00142D488088-20231112174945-1153-8497053,1,1,,,330593D1EB7F6000000050F5
1699807809,MAC00142D488088-20231112174945-1153-8497053,1,1,,,330593D1EB7F600000003730
1699807810,MAC00142D488088-20231112174945-1153-8497053,1,1,,,330593D1EB7F60000000C212
1699807840,MAC00142D488088-20231112175015-1153-8526568,2,1,,,330593D1EB7F60000000B6FE,330593D1EB7F60000001011E
1699807841,MAC00142D488088-20231112175015-1153-8526568,1,1,,,330593D1EB7F6000000009FF
1699807869,MAC00142D488088-20231112175046-1153-8558179,1,1,,,330593D1EB7F600000006CA5
1699807881,MAC00142D488088-20231112175046-1153-8558179,2,1,,,330593D1EB7F6000000043B1,330593D1EB7F600000016689
1699807902,MAC00142D488088-20231112175119-1153-8590844,1,1,,,330593D1EB7F60000000B260
1699807912,MAC00142D488088-20231112175119-1153-8590844,1,1,,,330593D1EB7F600000006C70
1699807977,MAC00142D488088-20231112175221-1153-8652889,1,1,,,330593D1EB7F6000000149FA
1699807978,MAC00142D488088-20231112175221-1153-8652889,1,1,,,330593D1EB7F60000000A925
1699808000,MAC00142D488088-20231112175253-1153-8685476,1,1,,,330593D1EB7F60000001525E
1699808027,MAC00142D488088-20231112175325-1153-8716776,1,1,,,330593D1EB7F600000006F81
1699808029,MAC00142D488088-20231112175325-1153-8716776,1,1,,,330593D1EB7F60000000334E
1699808086,MAC00142D488088-20231112175426-1153-8777687,2,1,,,330593D1EB7F60000000BCDF,330593D1EB7F60000000C490
1699808119,MAC00142D488088-20231112175455-1153-8807128,1,1,,,330593D1EB7F60000000AB7C
1699808120,MAC00142D488088-20231112175455-1153-8807128,1,1,,,330593D1EB7F60000000B7E6
1699808120,MAC00142D488088-20231112175455-1153-8807128,1,1,,,330593D1EB7F6000000149A4
1699808126,MAC00142D488088-20231112175455-1153-8807128,1,1,,,330593D1EB7F600000010687
1699808162,MAC00142D488088-20231112175539-1153-8851423,1,1,,,330593D1EB7F600000010C7C
1699808193,MAC00142D488088-20231112175610-1153-8882221,3,1,,,330593D1EB7F6000000006E6,330593D1EB7F600000003BD0,330593D1EB7F60000000C38B
1699808194,MAC00142D488088-20231112175610-1153-8882221,1,1,,,330593D1EB7F600000003503
1699808246,MAC00142D488088-20231112175700-1153-8932077,2,1,,,330593D1EB7F6000000100F6,330593D1EB7F600000015551
1699808269,MAC00142D488088-20231112175726-1153-8958007,1,1,,,330593D1EB7F600000003F09
1699808270,MAC00142D488088-20231112175726-1153-8958007,1,1,,,330593D1EB7F60000000491E
1699808271,MAC00142D488088-20231112175726-1153-8958007,1,1,,,330593D1EB7F600000001D46
1699808306,MAC00142D488088-20231112175805-1153-8997403,1,1,,,330593D1EB7F60000000022E
1699808366,MAC00142D488088-20231112175902-1153-9053541,1,1,,,330593D1EB7F600000000180
1699808448,MAC00142D488088-20231112180021-1153-9132993,2,1,,,330593D1EB7F6000000005EB,330593D1EB7F600000010D94
1699808449,MAC00142D488088-20231112180021-1153-9132993,1,1,,,330593D1EB7F60000001487F
1699808454,MAC00142D488088-20231112180021-1153-9132993,1,1,,,330593D1EB7F6000000060B5
1699808505,MAC00142D488088-20231112180122-1153-9193792,1,1,,,330593D1EB7F600000010E6B
1699808506,MAC00142D488088-20231112180122-1153-9193792,1,1,,,330593D1EB7F60000000C3CB
1699808530,MAC00142D488088-20231112180149-1153-9220539,2,1,,,330593D1EB7F600000001EA4,330593D1EB7F600000010253
1699808546,MAC00142D488088-20231112180206-1153-9238267,1,1,,,330593D1EB7F600000008C3E
1699808547,MAC00142D488088-20231112180206-1153-9238267,1,1,,,330593D1EB7F600000011EBD
1699808552,MAC00142D488088-20231112180206-1153-9238267,1,1,,,330593D1EB7F60000000C603
1699808576,MAC00142D488088-20231112180235-1153-9266686,1,1,,,330593D1EB7F60000000ABB4
1699808577,MAC00142D488088-20231112180235-1153-9266686,1,1,,,330593D1EB7F600000005F44
1699808613,MAC00142D488088-20231112180304-1153-9295998,1,1,,,330593D1EB7F60000000AA6A
1699808614,MAC00142D488088-20231112180304-1153-9295998,1,1,,,330593D1EB7F600000004846
1699808659,MAC00142D488088-20231112180358-1153-9350040,1,1,,,330593D1EB7F600000015948
1699808660,MAC00142D488088-20231112180358-1153-9350040,1,1,,,330593D1EB7F600000014E0F
1699808680,MAC00142D488088-20231112180420-1153-9372138,1,1,,,330593D1EB7F60000000B0B2
1699808681,MAC00142D488088-20231112180420-1153-9372138,1,1,,,330593D1EB7F600000010262
1699808702,MAC00142D488088-20231112180440-1153-9392318,1,1,,,330593D1EB7F600000006A47
1699808702,MAC00142D488088-20231112180440-1153-9392318,1,1,,,330593D1EB7F600000014EAA
1699808748,MAC00142D488088-20231112180522-1153-9433575,1,1,,,330593D1EB7F600000007040
1699808749,MAC00142D488088-20231112180522-1153-9433575,1,1,,,330593D1EB7F6000000069B3
1699808761,MAC00142D488088-20231112180522-1153-9433575,1,1,,,330593D1EB7F600000003715
1699808762,MAC00142D488088-20231112180522-1153-9433575,2,1,,,330593D1EB7F600000000935,330593D1EB7F600000005218
1699808777,MAC00142D488088-20231112180522-1153-9433575,1,1,,,330593D1EB7F60000000C0D1
1699808778,MAC00142D488088-20231112180522-1153-9433575,1,1,,,330593D1EB7F600000007404
1699808781,MAC00142D488088-20231112180522-1153-9433575,1,1,,,330593D1EB7F600000014550
1699808789,MAC00142D488088-20231112180522-1153-9433575,1,1,,,330593D1EB7F60000000961E
1699808789,MAC00142D488088-20231112180522-1153-9433575,1,1,,,330593D1EB7F60000000B336
1699808803,MAC00142D488088-20231112180622-1153-9494321,1,1,,,330593D1EB7F600000000791
1699808804,MAC00142D488088-20231112180622-1153-9494321,1,1,,,330593D1EB7F600000011D37
1699808830,MAC00142D488088-20231112180643-1153-9515194,3,1,,,330593D1EB7F6000000054CC,330593D1EB7F60000000741D,330593D1EB7F60000000AB3E
1699808853,MAC00142D488088-20231112180705-1153-9536589,3,1,,,330593D1EB7F600000000986,330593D1EB7F6000000020A1,330593D1EB7F6000000097E1
1699808895,MAC00142D488088-20231112180739-1153-9571123,1,1,,,330593D1EB7F60000000A6C9
1699808912,MAC00142D488088-20231112180810-1153-9601810,2,1,,,330593D1EB7F600000003BE3,330593D1EB7F60000001579B
1699808913,MAC00142D488088-20231112180810-1153-9601810,2,1,,,330593D1EB7F600000005702,330593D1EB7F600000005A44
1699808919,MAC00142D488088-20231112180810-1153-9601810,1,1,,,330593D1EB7F60000000B229
1699808949,MAC00142D488088-20231112180839-1153-9631331,2,1,,,330593D1EB7F600000003887,330593D1EB7F600000009660
1699808967,MAC00142D488088-20231112180906-1153-9658352,1,1,,,330593D1EB7F600000010836
1699808995,MAC00142D488088-20231112180933-1153-9684549,2,1,,,330593D1EB7F60000000A4FD,330593D1EB7F60000000BAA9
1699808995,MAC00142D488088-20231112180933-1153-9684549,1,1,,,330593D1EB7F600000006E3C
1699809000,MAC00142D488088-20231112180933-1153-9684549,1,1,,,330593D1EB7F600000000065
1699809018,MAC00142D488088-20231112180958-1153-9709562,2,1,,,330593D1EB7F6000000087B7,330593D1EB7F60000000FF23
1699809055,MAC00142D488088-20231112181026-1153-9737822,4,1,,,330593D1EB7F600000000355,330593D1EB7F600000000867,330593D1EB7F600000005F8F,330593D1EB7F60000001465E
1699809130,MAC00142D488088-20231112181138-1153-9810280,3,1,,,330593D1EB7F600000004ED5,330593D1EB7F60000000FA36,330593D1EB7F600000011B31
1699809143,MAC00142D488088-20231112181138-1153-9810280,1,1,,,330593D1EB7F60000000AEB9
1699809179,MAC00142D488088-20231112181236-1153-9867583,1,1,,,330593D1EB7F600000004E94
1699809179,MAC00142D488088-20231112181236-1153-9867583,1,1,,,330593D1EB7F600000007287
1699809180,MAC00142D488088-20231112181236-1153-9867583,1,1,,,330593D1EB7F600000006FCF
1699809308,MAC00142D488088-20231112181438-1153-9990492,2,1,,,330593D1EB7F6000000094B2,330593D1EB7F60000000FC3D
1699809365,MAC00142D488088-20231112181544-1153-10056228,1,1,,,330593D1EB7F600000004259
1699809385,MAC00142D488088-20231112181603-1153-10075368,1,1,,,330593D1EB7F6000000094D6
1699809401,MAC00142D488088-20231112181620-1153-10092065,1,1,,,330593D1EB7F6000000034C1
1699809444,MAC00142D488088-20231112181636-1153-10108195,1,1,,,330593D1EB7F600000011982
1699809485,MAC00142D488088-20231112181717-1153-10148787,2,1,,,330593D1EB7F600000003101,330593D1EB7F600000010CB4
1699809502,MAC00142D488088-20231112181802-1153-10193927,2,1,,,330593D1EB7F600000006AF7,330593D1EB7F600000008AE5
1699809517,MAC00142D488088-20231112181816-1153-10208225,1,1,,,330593D1EB7F600000000787
1699809518,MAC00142D488088-20231112181816-1153-10208225,1,1,,,330593D1EB7F60000000F8D5
1699809533,MAC00142D488088-20231112181833-1153-10224672,1,1,,,330593D1EB7F600000003EF1
1699809564,MAC00142D488088-20231112181854-1153-10246456,2,1,,,330593D1EB7F600000009520,330593D1EB7F60000000BA78
1699809565,MAC00142D488088-20231112181854-1153-10246456,1,1,,,330593D1EB7F600000016112
1699809586,MAC00142D488088-20231112181926-1153-10277626,1,1,,,330593D1EB7F600000002FD8
1699809606,MAC00142D488088-20231112181942-1153-10294472,2,1,,,330593D1EB7F60000000BF79,330593D1EB7F600000011D6D
1699809692,MAC00142D488088-20231112182110-1153-10381831,1,1,,,330593D1EB7F60000000977E
1699809720,MAC00142D488088-20231112182126-1153-10398000,1,1,,,330593D1EB7F600000006EEC
1699809722,MAC00142D488088-20231112182126-1153-10398000,1,1,,,330593D1EB7F60000000AAFB
1699809722,MAC00142D488088-20231112182126-1153-10398000,1,1,,,330593D1EB7F600000005FAA
1699809746,MAC00142D488088-20231112182157-1153-10429091,1,1,,,330593D1EB7F60000000B36F
1699809756,MAC00142D488088-20231112182157-1153-10429091,1,1,,,330593D1EB7F600000015CE0
1699809785,MAC00142D488088-20231112182243-1153-10474544,1,1,,,330593D1EB7F60000000072A
1699809847,MAC00142D488088-20231112182343-1153-10534812,1,1,,,330593D1EB7F600000006420
1699809864,MAC00142D488088-20231112182343-1153-10534812,1,1,,,330593D1EB7F60000000FCDF
1699809878,MAC00142D488088-20231112182417-1153-10569136,2,1,,,330593D1EB7F600000001FC0,330593D1EB7F60000000FB10
1699809916,MAC00142D488088-20231112182436-1153-10588428,1,1,,,330593D1EB7F600000015CF0
1699809917,MAC00142D488088-20231112182436-1153-10588428,1,1,,,330593D1EB7F60000000714D
1699809917,MAC00142D488088-20231112182436-1153-10588428,1,1,,,330593D1EB7F600000011D46
1699809953,MAC00142D488088-20231112182436-1153-10588428,1,1,,,330593D1EB7F6000000091E2
1699809955,MAC00142D488088-20231112182436-1153-10588428,1,1,,,330593D1EB7F600000011D3F
1699809961,MAC00142D488088-20231112182436-1153-10588428,1,1,,,330593D1EB7F6000000089E3
1699809988,MAC00142D488088-20231112182608-1153-10679544,1,1,,,330593D1EB7F6000000002B4
1699809988,MAC00142D488088-20231112182608-1153-10679544,1,1,,,330593D1EB7F6000000147D9
1699810032,MAC00142D488088-20231112182608-1153-10679544,1,1,,,330593D1EB7F600000008C0E
1699810033,MAC00142D488088-20231112182608-1153-10679544,2,1,,,330593D1EB7F600000005BC6,330593D1EB7F6000000094E2
1699810056,MAC00142D488088-20231112182714-1153-10746337,1,1,,,330593D1EB7F60000000438D
1699810074,MAC00142D488088-20231112182729-1153-10761383,1,1,,,330593D1EB7F600000000B29
1699810075,MAC00142D488088-20231112182729-1153-10761383,1,1,,,330593D1EB7F600000008FA6
1699810091,MAC00142D488088-20231112182750-1153-10781848,1,1,,,330593D1EB7F600000014A5E
1699810092,MAC00142D488088-20231112182750-1153-10781848,1,1,,,330593D1EB7F60000000FFF3
1699810116,MAC00142D488088-20231112182808-1153-10799940,1,1,,,330593D1EB7F60000000539F
1699810117,MAC00142D488088-20231112182808-1153-10799940,1,1,,,330593D1EB7F600000005A66
1699810117,MAC00142D488088-20231112182808-1153-10799940,1,1,,,330593D1EB7F6000000052CD
1699810125,MAC00142D488088-20231112182808-1153-10799940,1,1,,,330593D1EB7F600000000770
1699810125,MAC00142D488088-20231112182808-1153-10799940,1,1,,,330593D1EB7F6000000093E6
1699810209,MAC00142D488088-20231112182948-1153-10899628,1,1,,,330593D1EB7F60000000B949
1699810230,MAC00142D488088-20231112183006-1153-10917573,1,1,,,330593D1EB7F6000000002C2
1699810231,MAC00142D488088-20231112183006-1153-10917573,1,1,,,330593D1EB7F600000003B20
1699810235,MAC00142D488088-20231112183006-1153-10917573,1,1,,,330593D1EB7F60000000FAD5
1699810260,MAC00142D488088-20231112183006-1153-10917573,1,1,,,330593D1EB7F60000000B50F
1699810261,MAC00142D488088-20231112183006-1153-10917573,1,1,,,330593D1EB7F600000006FAE
1699810298,MAC00142D488088-20231112183111-1153-10982529,1,1,,,330593D1EB7F600000009136
1699812613,MAC00142D488088-20231112190944-1153-13295896,3,1,,,330593D1EB7F6000000042B8,330593D1EB7F60000000BD03,330593D1EB7F60000000F740
1699812684,MAC00142D488088-20231112191055-1153-13367518,1,1,,,330593D1EB7F600000008FAE
1699812685,MAC00142D488088-20231112191055-1153-13367518,1,1,,,330593D1EB7F600000014BA0
1699812686,MAC00142D488088-20231112191055-1153-13367518,1,1,,,330593D1EB7F60000000C0DE
1699812703,MAC00142D488088-20231112191055-1153-13367518,1,1,,,330593D1EB7F600000015A05
1699812704,MAC00142D488088-20231112191055-1153-13367518,1,1,,,330593D1EB7F6000000159F8
1699812705,MAC00142D488088-20231112191055-1153-13367518,1,1,,,330593D1EB7F600000003D73
1699812716,MAC00142D488088-20231112191055-1153-13367518,1,1,,,330593D1EB7F60000000FB5A
1699812717,MAC00142D488088-20231112191055-1153-13367518,1,1,,,330593D1EB7F6000000159FE
1699812759,MAC00142D488088-20231112191212-1153-13444168,1,1,,,330593D1EB7F6000000164CA
1699812783,MAC00142D488088-20231112191237-1153-13468568,1,1,,,330593D1EB7F600000003FC0
1699812784,MAC00142D488088-20231112191237-1153-13468568,1,1,,,330593D1EB7F60000000B75F
1699812785,MAC00142D488088-20231112191237-1153-13468568,1,1,,,330593D1EB7F60000000F770
1699812812,MAC00142D488088-20231112191302-1153-13494275,1,1,,,330593D1EB7F600000010175
1699812813,MAC00142D488088-20231112191302-1153-13494275,2,1,,,330593D1EB7F60000000AB12,330593D1EB7F600000014F42
1699812843,MAC00142D488088-20231112191336-1153-13528004,1,1,,,330593D1EB7F60000000528B
1699812844,MAC00142D488088-20231112191336-1153-13528004,1,1,,,330593D1EB7F60000000B4BC
1699812872,MAC00142D488088-20231112191402-1153-13554158,1,1,,,330593D1EB7F60000000B32D
1699812873,MAC00142D488088-20231112191402-1153-13554158,2,1,,,330593D1EB7F600000004725,330593D1EB7F600000005A26
1699812926,MAC00142D488088-20231112191501-1153-13612928,2,1,,,330593D1EB7F600000006EEE,330593D1EB7F60000000FEB7
1699812927,MAC00142D488088-20231112191501-1153-13612928,1,1,,,330593D1EB7F600000016488
1699812967,MAC00142D488088-20231112191525-1153-13637247,1,1,,,330593D1EB7F600000015E5B
1699812968,MAC00142D488088-20231112191525-1153-13637247,3,1,,,330593D1EB7F600000003891,330593D1EB7F60000000AC94,330593D1EB7F60000000F9FD
1699812990,MAC00142D488088-20231112191607-1153-13679492,1,1,,,330593D1EB7F60000000FDF4
1699813025,MAC00142D488088-20231112191607-1153-13679492,1,1,,,330593D1EB7F6000000031AF
1699813048,MAC00142D488088-20231112191704-1153-13735560,1,1,,,330593D1EB7F60000000BFAA
1699813074,MAC00142D488088-20231112191724-1153-13755656,1,1,,,330593D1EB7F6000000021C6
1699813075,MAC00142D488088-20231112191724-1153-13755656,1,1,,,330593D1EB7F6000000119F7
1699813192,MAC00142D488088-20231112191902-1153-13853777,1,1,,,330593D1EB7F600000003496
1699813193,MAC00142D488088-20231112191902-1153-13853777,3,1,,,330593D1EB7F600000004A1A,330593D1EB7F600000006B35,330593D1EB7F600000015A59
1699813202,MAC00142D488088-20231112191902-1153-13853777,1,1,,,330593D1EB7F60000001199F
1699813204,MAC00142D488088-20231112191902-1153-13853777,1,1,,,330593D1EB7F60000000738D
1699813246,MAC00142D488088-20231112192018-1153-13929553,1,1,,,330593D1EB7F6000000164AF
1699813247,MAC00142D488088-20231112192018-1153-13929553,1,1,,,330593D1EB7F600000011FFA
1699813270,MAC00142D488088-20231112192042-1153-13953772,1,1,,,330593D1EB7F600000015A31
1699813293,MAC00142D488088-20231112192107-1153-13979392,1,1,,,330593D1EB7F600000004A26
1699813316,MAC00142D488088-20231112192131-1153-14002925,1,1,,,330593D1EB7F600000004C60
1699813363,MAC00142D488088-20231112192211-1153-14043018,2,1,,,330593D1EB7F60000000F9B5,330593D1EB7F600000015273
1699813364,MAC00142D488088-20231112192211-1153-14043018,2,1,,,330593D1EB7F600000000976,330593D1EB7F6000000120E9
1699813370,MAC00142D488088-20231112192211-1153-14043018,1,1,,,330593D1EB7F6000000152EE
1699813395,MAC00142D488088-20231112192247-1153-14078741,1,1,,,330593D1EB7F600000015809
1699813424,MAC00142D488088-20231112192316-1153-14108323,3,1,,,330593D1EB7F60000000669B,330593D1EB7F60000000FD33,330593D1EB7F600000016011
1699813430,MAC00142D488088-20231112192316-1153-14108323,1,1,,,330593D1EB7F60000000BE5E
1699813431,MAC00142D488088-20231112192316-1153-14108323,1,1,,,330593D1EB7F60000000AA52
1699813457,MAC00142D488088-20231112192351-1153-14143047,1,1,,,330593D1EB7F600000006ED8
1699813519,MAC00142D488088-20231112192452-1153-14203735,3,1,,,330593D1EB7F600000006E63,330593D1EB7F60000000C48D,330593D1EB7F600000014DBC
1699813556,MAC00142D488088-20231112192519-1153-14230995,2,1,,,330593D1EB7F600000001DE7,330593D1EB7F600000002332
1699813619,MAC00142D488088-20231112192632-1153-14303910,1,1,,,330593D1EB7F600000016128
1699813620,MAC00142D488088-20231112192632-1153-14303910,1,1,,,330593D1EB7F60000000924F
1699813649,MAC00142D488088-20231112192700-1153-14331702,1,1,,,330593D1EB7F600000011F4E
1699813650,MAC00142D488088-20231112192700-1153-14331702,1,1,,,330593D1EB7F6000000049E9
1699813676,MAC00142D488088-20231112192727-1153-14359173,1,1,,,330593D1EB7F60000000BB30
1699813676,MAC00142D488088-20231112192727-1153-14359173,1,1,,,330593D1EB7F6000000093B3
1699813707,MAC00142D488088-20231112192800-1153-14392233,1,1,,,330593D1EB7F6000000070AF
1699813708,MAC00142D488088-20231112192800-1153-14392233,1,1,,,330593D1EB7F6000000107E9
1699813732,MAC00142D488088-20231112192825-1153-14417397,1,1,,,330593D1EB7F600000015DC3
1699813766,MAC00142D488088-20231112192856-1153-14448505,1,1,,,330593D1EB7F6000000100A3
1699813767,MAC00142D488088-20231112192856-1153-14448505,1,1,,,330593D1EB7F6000000061E6
1699813804,MAC00142D488088-20231112192930-1153-14481741,1,1,,,330593D1EB7F60000000BD20
1699813805,MAC00142D488088-20231112192930-1153-14481741,2,1,,,330593D1EB7F60000000B9AE,330593D1EB7F600000015B8E
1699813830,MAC00142D488088-20231112193006-1153-14517715,1,1,,,330593D1EB7F600000014B7D
1699813873,MAC00142D488088-20231112193045-1153-14557101,1,1,,,330593D1EB7F600000005084
1699813874,MAC00142D488088-20231112193045-1153-14557101,1,1,,,330593D1EB7F60000000FF55
1699813874,MAC00142D488088-20231112193045-1153-14557101,1,1,,,330593D1EB7F60000000B761
1699813894,MAC00142D488088-20231112193110-1153-14582235,1,1,,,330593D1EB7F600000003FD3
1699813914,MAC00142D488088-20231112193130-1153-14602309,1,1,,,330593D1EB7F600000008DB9
1699813935,MAC00142D488088-20231112193150-1153-14622375,1,1,,,330593D1EB7F600000006485
1699814029,MAC00142D488088-20231112193246-1153-14677731,1,1,,,330593D1EB7F600000008F50
1699814029,MAC00142D488088-20231112193246-1153-14677731,1,1,,,330593D1EB7F600000010251
1699814039,MAC00142D488088-20231112193246-1153-14677731,3,1,,,330593D1EB7F60000000C241,330593D1EB7F6000000148C8,330593D1EB7F600000015AF9
1699814050,MAC00142D488088-20231112193246-1153-14677731,3,1,,,330593D1EB7F600000001C5C,330593D1EB7F600000006351,330593D1EB7F600000015EC8
1699814057,MAC00142D488088-20231112193246-1153-14677731,1,1,,,330593D1EB7F60000000708D
1699814058,MAC00142D488088-20231112193246-1153-14677731,1,1,,,330593D1EB7F60000000C23B
1699814087,MAC00142D488088-20231112193413-1153-14764911,2,1,,,330593D1EB7F60000000478B,330593D1EB7F6000000060A4
1699814107,MAC00142D488088-20231112193413-1153-14764911,1,1,,,330593D1EB7F6000000008FF
1699814126,MAC00142D488088-20231112193502-1153-14813978,1,1,,,330593D1EB7F6000000105F7
1699814175,MAC00142D488088-20231112193526-1153-14837987,1,1,,,330593D1EB7F60000000AB3B
1699814224,MAC00142D488088-20231112193640-1153-14911888,1,1,,,330593D1EB7F600000001BAC
1699814245,MAC00142D488088-20231112193701-1153-14933104,1,1,,,330593D1EB7F600000009788
1699814246,MAC00142D488088-20231112193701-1153-14933104,1,1,,,330593D1EB7F60000000431D
1699814312,MAC00142D488088-20231112193807-1153-14998540,1,1,,,330593D1EB7F60000000B1AD
1699814346,MAC00142D488088-20231112193841-1153-15033274,1,1,,,330593D1EB7F600000008A9B
1699814347,MAC00142D488088-20231112193841-1153-15033274,1,1,,,330593D1EB7F600000015F9F
1699814380,MAC00142D488088-20231112193910-1153-15062415,1,1,,,330593D1EB7F60000000183C
1699814381,MAC00142D488088-20231112193910-1153-15062415,2,1,,,330593D1EB7F6000000060FA,330593D1EB7F6000000150D4
1699814418,MAC00142D488088-20231112193955-1153-15106651,1,1,,,330593D1EB7F600000011F4D
1699814472,MAC00142D488088-20231112194046-1153-15158424,1,1,,,330593D1EB7F60000000B3F8
1699814473,MAC00142D488088-20231112194046-1153-15158424,1,1,,,330593D1EB7F6000000000EE
1699814516,MAC00142D488088-20231112194129-1153-15200835,3,1,,,330593D1EB7F600000006E76,330593D1EB7F60000000FCD2,330593D1EB7F600000011A4B
1699814536,MAC00142D488088-20231112194150-1153-15221727,1,1,,,330593D1EB7F60000000B37F
1699814536,MAC00142D488088-20231112194150-1153-15221727,1,1,,,330593D1EB7F600000014BB7
1699814569,MAC00142D488088-20231112194221-1153-15253425,1,1,,,330593D1EB7F600000015D36
1699814570,MAC00142D488088-20231112194221-1153-15253425,1,1,,,330593D1EB7F600000001C2A
1699814675,MAC00142D488088-20231112194411-1153-15363097,1,1,,,330593D1EB7F60000000A632
1699814676,MAC00142D488088-20231112194411-1153-15363097,1,1,,,330593D1EB7F60000000C3AA
1699814712,MAC00142D488088-20231112194436-1153-15387646,3,1,,,330593D1EB7F6000000042F2,330593D1EB7F600000008CDB,330593D1EB7F60000000FC35
1699814727,MAC00142D488088-20231112194436-1153-15387646,2,1,,,330593D1EB7F600000008FA9,330593D1EB7F60000000F9E2
1699814728,MAC00142D488088-20231112194436-1153-15387646,1,1,,,330593D1EB7F600000014553
1699814752,MAC00142D488088-20231112194531-1153-15442844,1,1,,,330593D1EB7F600000004609
1699814753,MAC00142D488088-20231112194531-1153-15442844,1,1,,,330593D1EB7F6000000091D6
1699814776,MAC00142D488088-20231112194551-1153-15462747,2,1,,,330593D1EB7F60000000644B,330593D1EB7F600000009326
1699814777,MAC00142D488088-20231112194551-1153-15462747,1,1,,,330593D1EB7F60000001201F
1699814800,MAC00142D488088-20231112194617-1153-15488769,1,1,,,330593D1EB7F600000010340
1699814819,MAC00142D488088-20231112194635-1153-15506930,2,1,,,330593D1EB7F6000000069E2,330593D1EB7F600000015093
1699814820,MAC00142D488088-20231112194635-1153-15506930,1,1,,,330593D1EB7F60000000B5B2
1699814854,MAC00142D488088-20231112194710-1153-15541712,1,1,,,330593D1EB7F6000000119B2
1699814855,MAC00142D488088-20231112194710-1153-15541712,1,1,,,330593D1EB7F600000003A56
1699815473,MAC00142D488088-20231112195732-1153-16164373,1,1,,,330593D1EB7F6000000000C9
1699815474,MAC00142D488088-20231112195732-1153-16164373,1,1,,,330593D1EB7F600000011BEC
1699815515,MAC00142D488088-20231112195801-1153-16192634,1,1,,,330593D1EB7F60000000981B
1699815516,MAC00142D488088-20231112195801-1153-16192634,1,1,,,330593D1EB7F60000001491F
1699815518,MAC00142D488088-20231112195801-1153-16192634,1,1,,,330593D1EB7F60000001506F
1699815519,MAC00142D488088-20231112195801-1153-16192634,1,1,,,330593D1EB7F60000000425A
1699815521,MAC00142D488088-20231112195801-1153-16192634,1,1,,,330593D1EB7F6000000148E2
1699815522,MAC00142D488088-20231112195801-1153-16192634,1,1,,,330593D1EB7F600000005388
1699815528,MAC00142D488088-20231112195801-1153-16192634,1,1,,,330593D1EB7F6000000056A3
1699815529,MAC00142D488088-20231112195801-1153-16192634,1,1,,,330593D1EB7F600000008BAC
1699815545,MAC00142D488088-20231112195801-1153-16192634,2,1,,,330593D1EB7F6000000094C4,330593D1EB7F60000000BD04
1699815598,MAC00142D488088-20231112195937-1153-16289309,1,1,,,330593D1EB7F60000001458F
1699815613,MAC00142D488088-20231112195952-1153-16303755,1,1,,,330593D1EB7F6000000022D1
1699815613,MAC00142D488088-20231112195952-1153-16303755,1,1,,,330593D1EB7F60000000C59B
1699815632,MAC00142D488088-20231112200007-1153-16319086,1,1,,,330593D1EB7F6000000158F3
1699815632,MAC00142D488088-20231112200007-1153-16319086,1,1,,,330593D1EB7F6000000157FF
1699815638,MAC00142D488088-20231112200007-1153-16319086,1,1,,,330593D1EB7F60000000AD4E
1699815639,MAC00142D488088-20231112200007-1153-16319086,1,1,,,330593D1EB7F600000006E28
1699815671,MAC00142D488088-20231112200048-1153-16360283,1,1,,,330593D1EB7F60000000BA6D
1699815672,MAC00142D488088-20231112200048-1153-16360283,1,1,,,330593D1EB7F600000006616
1699815904,MAC00142D488088-20231112200437-1153-16588851,3,1,,,330593D1EB7F6000000030FE,330593D1EB7F60000000444E,330593D1EB7F600000005041
1699815933,MAC00142D488088-20231112200458-1153-16609669,1,1,,,330593D1EB7F60000000A682
1699815934,MAC00142D488088-20231112200458-1153-16609669,1,1,,,330593D1EB7F6000000002E2
1699815998,MAC00142D488088-20231112200607-1153-16678981,2,1,,,330593D1EB7F60000000376E,330593D1EB7F600000009793
1699815999,MAC00142D488088-20231112200607-1153-16678981,1,1,,,330593D1EB7F600000004F9F
1699816004,MAC00142D488088-20231112200607-1153-16678981,1,1,,,330593D1EB7F60000000595D
1699816045,MAC00142D488088-20231112200700-1153-16732025,2,1,,,330593D1EB7F600000003811,330593D1EB7F60000000FDA8
1699816046,MAC00142D488088-20231112200700-1153-16732025,1,1,,,330593D1EB7F60000000224B
1699816052,MAC00142D488088-20231112200700-1153-16732025,1,1,,,330593D1EB7F600000011BA1
1699816056,MAC00142D488088-20231112200700-1153-16732025,1,1,,,330593D1EB7F6000000022DF
1699816441,MAC00142D488088-20231112201332-1153-17123894,2,1,,,330593D1EB7F600000003BEA,330593D1EB7F600000008CD2
1699816442,MAC00142D488088-20231112201332-1153-17123894,1,1,,,330593D1EB7F60000001615D
1699816666,MAC00142D488088-20231112201718-1153-17350358,1,1,,,330593D1EB7F60000000B6C4
1699816947,MAC00142D488088-20231112202159-1153-17630547,1,1,,,330593D1EB7F6000000045FE
1699816949,MAC00142D488088-20231112202159-1153-17630547,1,1,,,330593D1EB7F6000000007D8
1699817029,MAC00142D488088-20231112202318-1153-17710304,1,1,,,330593D1EB7F60000000C564
1699817030,MAC00142D488088-20231112202318-1153-17710304,1,1,,,330593D1EB7F600000014FA3
1699817068,MAC00142D488088-20231112202404-1153-17755882,1,1,,,330593D1EB7F600000010741
1699817301,MAC00142D488088-20231112202752-1153-17984453,1,1,,,330593D1EB7F600000007527
1699817350,MAC00142D488088-20231112202838-1153-18030014,2,1,,,330593D1EB7F600000004372,330593D1EB7F60000000A68F
1699817359,MAC00142D488088-20231112202838-1153-18030014,1,1,,,330593D1EB7F6000000088D2
1699817360,MAC00142D488088-20231112202838-1153-18030014,1,1,,,330593D1EB7F6000000070C3
1699817406,MAC00142D488088-20231112202930-1153-18082284,1,1,,,330593D1EB7F60000000639E
1699817407,MAC00142D488088-20231112202930-1153-18082284,1,1,,,330593D1EB7F6000000051F2
1699817408,MAC00142D488088-20231112202930-1153-18082284,1,1,,,330593D1EB7F600000011EF2
1699817473,MAC00142D488088-20231112203040-1153-18151884,4,1,,,330593D1EB7F600000000221,330593D1EB7F600000004364,330593D1EB7F6000000063BC,330593D1EB7F60000000C40D
1699817501,MAC00142D488088-20231112203113-1153-18185466,1,1,,,330593D1EB7F60000001575A
1699817502,MAC00142D488088-20231112203113-1153-18185466,1,1,,,330593D1EB7F600000008B90
1699817503,MAC00142D488088-20231112203113-1153-18185466,1,1,,,330593D1EB7F60000001463B
1699817528,MAC00142D488088-20231112203140-1153-18212373,2,1,,,330593D1EB7F600000006ECD,330593D1EB7F600000010C08
1699817529,MAC00142D488088-20231112203140-1153-18212373,1,1,,,330593D1EB7F60000000A787
1699817568,MAC00142D488088-20231112203223-1153-18255469,1,1,,,330593D1EB7F600000008A11
1699817616,MAC00142D488088-20231112203259-1153-18290695,2,1,,,330593D1EB7F600000004D47,330593D1EB7F600000006413
1699817618,MAC00142D488088-20231112203259-1153-18290695,2,1,,,330593D1EB7F600000004361,330593D1EB7F6000000157F7
1699817623,MAC00142D488088-20231112203259-1153-18290695,1,1,,,330593D1EB7F600000005CD8
1699817655,MAC00142D488088-20231112203347-1153-18339354,2,1,,,330593D1EB7F60000000077D,330593D1EB7F60000000BC6C
1699817656,MAC00142D488088-20231112203347-1153-18339354,1,1,,,330593D1EB7F6000000070BF
1699817707,MAC00142D488088-20231112203428-1153-18379578,3,1,,,330593D1EB7F6000000022C3,330593D1EB7F6000000072A7,330593D1EB7F600000010074
1699817708,MAC00142D488088-20231112203428-1153-18379578,1,1,,,330593D1EB7F600000015568
1699817716,MAC00142D488088-20231112203428-1153-18379578,1,1,,,330593D1EB7F600000008E11
1699817718,MAC00142D488088-20231112203428-1153-18379578,1,1,,,330593D1EB7F600000004CE0
1699817728,MAC00142D488088-20231112203428-1153-18379578,1,1,,,330593D1EB7F60000000F680
1699817764,MAC00142D488088-20231112203536-1153-18447961,3,1,,,330593D1EB7F6000000053FC,330593D1EB7F60000000F79E,330593D1EB7F60000001047F
1699817789,MAC00142D488088-20231112203602-1153-18474253,2,1,,,330593D1EB7F600000001D15,330593D1EB7F60000000C1FF
1699817790,MAC00142D488088-20231112203602-1153-18474253,1,1,,,330593D1EB7F600000005F14
1699817812,MAC00142D488088-20231112203626-1153-18498371,1,1,,,330593D1EB7F60000000C3C8
1699817813,MAC00142D488088-20231112203626-1153-18498371,1,1,,,330593D1EB7F600000004412
1699817836,MAC00142D488088-20231112203648-1153-18520345,3,1,,,330593D1EB7F60000000701E,330593D1EB7F60000000B6EA,330593D1EB7F6000000156FB
1699817851,MAC00142D488088-20231112203648-1153-18520345,3,1,,,330593D1EB7F600000002298,330593D1EB7F600000004272,330593D1EB7F600000015B8B
1699817875,MAC00142D488088-20231112203728-1153-18560343,1,1,,,330593D1EB7F60000000F819
1699817903,MAC00142D488088-20231112203758-1153-18589832,1,1,,,330593D1EB7F600000015E65
1699818024,MAC00142D488088-20231112203958-1153-18710087,1,1,,,330593D1EB7F600000004564
1699818024,MAC00142D488088-20231112203958-1153-18710087,1,1,,,330593D1EB7F600000015F67
1699818025,MAC00142D488088-20231112203958-1153-18710087,1,1,,,330593D1EB7F60000000375F
1699818096,MAC00142D488088-20231112204113-1153-18785364,1,1,,,330593D1EB7F600000005B67
1699818232,MAC00142D488088-20231112204306-1153-18897912,1,1,,,330593D1EB7F600000010674
1699818233,MAC00142D488088-20231112204306-1153-18897912,1,1,,,330593D1EB7F60000000421F
1699818234,MAC00142D488088-20231112204306-1153-18897912,1,1,,,330593D1EB7F600000003152
1699818242,MAC00142D488088-20231112204306-1153-18897912,1,1,,,330593D1EB7F60000000FD53
1699818243,MAC00142D488088-20231112204306-1153-18897912,1,1,,,330593D1EB7F60000000008A
1699818245,MAC00142D488088-20231112204306-1153-18897912,1,1,,,330593D1EB7F600000009584
1699818352,MAC00142D488088-20231112204526-1153-19037735,1,1,,,330593D1EB7F6000000105A9
1699818353,MAC00142D488088-20231112204526-1153-19037735,1,1,,,330593D1EB7F600000008FC1
1699818643,MAC00142D488088-20231112205016-1153-19327770,1,1,,,330593D1EB7F60000000B09A
1699818644,MAC00142D488088-20231112205016-1153-19327770,1,1,,,330593D1EB7F60000000BB08
1699818650,MAC00142D488088-20231112205016-1153-19327770,1,1,,,330593D1EB7F600000002002
1699818691,MAC00142D488088-20231112205100-1153-19372236,1,1,,,330593D1EB7F60000000B1D2
1699818692,MAC00142D488088-20231112205100-1153-19372236,1,1,,,330593D1EB7F600000015687
1699818693,MAC00142D488088-20231112205100-1153-19372236,1,1,,,330593D1EB7F60000000BCB4
1699818729,MAC00142D488088-20231112205138-1153-19410385,2,1,,,330593D1EB7F60000001013A,330593D1EB7F60000001511D
1699818730,MAC00142D488088-20231112205138-1153-19410385,2,1,,,330593D1EB7F60000000B3E0,330593D1EB7F60000000F79C
1699818779,MAC00142D488088-20231112205231-1153-19463192,1,1,,,330593D1EB7F600000014F2B
1699818781,MAC00142D488088-20231112205231-1153-19463192,1,1,,,330593D1EB7F600000009128
1699818783,MAC00142D488088-20231112205231-1153-19463192,1,1,,,330593D1EB7F60000000956A
1699818837,MAC00142D488088-20231112205325-1153-19516874,1,1,,,330593D1EB7F600000015341
1699818845,MAC00142D488088-20231112205325-1153-19516874,1,1,,,330593D1EB7F60000000FCDB
1699818920,MAC00142D488088-20231112205456-1153-19607720,1,1,,,330593D1EB7F600000007339
1699818961,MAC00142D488088-20231112205521-1153-19632579,3,1,,,330593D1EB7F6000000004C6,330593D1EB7F60000000AFF1,330593D1EB7F60000000FCF7
1699819169,MAC00142D488088-20231112205852-1153-19844091,1,1,,,330593D1EB7F60000000891E
1699819169,MAC00142D488088-20231112205852-1153-19844091,3,1,,,330593D1EB7F600000000106,330593D1EB7F600000005182,330593D1EB7F60000000B64C
1699819179,MAC00142D488088-20231112205852-1153-19844091,1,1,,,330593D1EB7F6000000001F1
1699819230,MAC00142D488088-20231112205959-1153-19911386,3,1,,,330593D1EB7F600000000284,330593D1EB7F60000000AAFD,330593D1EB7F600000011C63
1699819231,MAC00142D488088-20231112205959-1153-19911386,1,1,,,330593D1EB7F6000000009B2
1699819238,MAC00142D488088-20231112205959-1153-19911386,1,1,,,330593D1EB7F600000014E11
1699819286,MAC00142D488088-20231112210052-1153-19964092,2,1,,,330593D1EB7F60000000473A,330593D1EB7F60000000B8D5
1699819287,MAC00142D488088-20231112210052-1153-19964092,1,1,,,330593D1EB7F600000014FDB
1700998194,MAC00142D488088-20231126121806-137-4585457,1,1,,,330593D1EB7F6000000034A2
1700998369,MAC00142D488088-20231126123219-137-634558,1,1,,,330593D1EB7F60000000FE84
1700998536,MAC00142D488088-20231126123506-137-801306,1,1,,,330593D1EB7F60000000A5B2
1700998536,MAC00142D488088-20231126123506-137-801306,1,1,,,330593D1EB7F6000000089AC
1700998576,MAC00142D488088-20231126123546-137-841135,1,1,,,330593D1EB7F6000000088E1
1700998577,MAC00142D488088-20231126123546-137-841135,1,1,,,330593D1EB7F6000000034CC
1700998626,MAC00142D488088-20231126123622-137-876648,1,1,,,330593D1EB7F6000000063A4
1700998838,MAC00142D488088-20231126124008-137-1103299,1,1,,,330593D1EB7F60000000F745
1700998839,MAC00142D488088-20231126124008-137-1103299,1,1,,,330593D1EB7F60000000641B
1700998888,MAC00142D488088-20231126124059-137-1154043,1,1,,,330593D1EB7F600000015638
1700998889,MAC00142D488088-20231126124059-137-1154043,1,1,,,330593D1EB7F6000000042B4
1700998895,MAC00142D488088-20231126124059-137-1154043,1,1,,,330593D1EB7F60000001611B
1700998895,MAC00142D488088-20231126124059-137-1154043,1,1,,,330593D1EB7F600000006277
1700998903,MAC00142D488088-20231126124059-137-1154043,1,1,,,330593D1EB7F60000000C001
1700998903,MAC00142D488088-20231126124059-137-1154043,1,1,,,330593D1EB7F6000000096C7
1700998926,MAC00142D488088-20231126124135-137-1190430,1,1,,,330593D1EB7F600000002FCB
1700998927,MAC00142D488088-20231126124135-137-1190430,1,1,,,330593D1EB7F60000000C462
1700998982,MAC00142D488088-20231126124234-137-1249109,1,1,,,330593D1EB7F60000000F938
1700998983,MAC00142D488088-20231126124234-137-1249109,1,1,,,330593D1EB7F600000001E8E
1700999298,MAC00142D488088-20231126124749-137-1563858,1,1,,,330593D1EB7F600000006BAF
1700999362,MAC00142D488088-20231126124815-137-1590523,1,1,,,330593D1EB7F6000000007DC
1700999491,MAC00142D488088-20231126125059-137-1754329,2,1,,,330593D1EB7F60000000C089,330593D1EB7F600000015E73
1700999518,MAC00142D488088-20231126125129-137-1784181,1,1,,,330593D1EB7F6000000045EF
1700999543,MAC00142D488088-20231126125153-137-1807737,1,1,,,330593D1EB7F6000000092C9
1700999544,MAC00142D488088-20231126125153-137-1807737,1,1,,,330593D1EB7F60000000B19A
1700999752,MAC00142D488088-20231126125518-137-2013244,1,1,,,330593D1EB7F600000004DF1
1700999753,MAC00142D488088-20231126125518-137-2013244,1,1,,,330593D1EB7F600000000580
1700999951,MAC00142D488088-20231126125823-137-2198445,1,1,,,330593D1EB7F60000000C1EB
1700999952,MAC00142D488088-20231126125823-137-2198445,1,1,,,330593D1EB7F600000006F7A
1700999973,MAC00142D488088-20231126125904-137-2238816,1,1,,,330593D1EB7F60000000194A
1700999974,MAC00142D488088-20231126125904-137-2238816,1,1,,,330593D1EB7F60000000182E
1701000008,MAC00142D488088-20231126125936-137-2271551,1,1,,,330593D1EB7F600000016679
1701000038,MAC00142D488088-20231126125936-137-2271551,1,1,,,330593D1EB7F6000000005A0
1701000056,MAC00142D488088-20231126130026-137-2321483,1,1,,,330593D1EB7F600000008837
1701000077,MAC00142D488088-20231126130047-137-2342446,1,1,,,330593D1EB7F600000003B87
1701000078,MAC00142D488088-20231126130047-137-2342446,1,1,,,330593D1EB7F60000000A79D
1701000099,MAC00142D488088-20231126130109-137-2364186,1,1,,,330593D1EB7F6000000004EC
1701000099,MAC00142D488088-20231126130109-137-2364186,1,1,,,330593D1EB7F600000005A9A
1701000149,MAC00142D488088-20231126130154-137-2409405,1,1,,,330593D1EB7F600000001EF0
1701000166,MAC00142D488088-20231126130217-137-2431738,1,1,,,330593D1EB7F600000005028
1701000184,MAC00142D488088-20231126130234-137-2449421,1,1,,,330593D1EB7F60000000310E
1701000185,MAC00142D488088-20231126130234-137-2449421,1,1,,,330593D1EB7F60000000476D
1701000231,MAC00142D488088-20231126130320-137-2495271,1,1,,,330593D1EB7F60000000F755
1701000232,MAC00142D488088-20231126130320-137-2495271,1,1,,,330593D1EB7F600000015530
1701000254,MAC00142D488088-20231126130320-137-2495271,1,1,,,330593D1EB7F600000010362
1701000255,MAC00142D488088-20231126130320-137-2495271,1,1,,,330593D1EB7F60000000B163
1701000277,MAC00142D488088-20231126130408-137-2542779,1,1,,,330593D1EB7F600000000508
1701000278,MAC00142D488088-20231126130408-137-2542779,1,1,,,330593D1EB7F600000011BFF
1701000294,MAC00142D488088-20231126130425-137-2560036,1,1,,,330593D1EB7F60000000A4FE
1701000295,MAC00142D488088-20231126130425-137-2560036,1,1,,,330593D1EB7F60000000618B
1701000410,MAC00142D488088-20231126130615-137-2670577,2,1,,,330593D1EB7F6000000058C8,330593D1EB7F6000000156EC
1701000411,MAC00142D488088-20231126130615-137-2670577,1,1,,,330593D1EB7F600000008A53
1701000418,MAC00142D488088-20231126130615-137-2670577,1,1,,,330593D1EB7F60000000677A
1701000621,MAC00142D488088-20231126130947-137-2882399,1,1,,,330593D1EB7F600000015CA8
1701000621,MAC00142D488088-20231126130947-137-2882399,1,1,,,330593D1EB7F600000000902
1701000660,MAC00142D488088-20231126131014-137-2909171,1,1,,,330593D1EB7F6000000047A1
1701000661,MAC00142D488088-20231126131014-137-2909171,1,1,,,330593D1EB7F600000006806
1701000733,MAC00142D488088-20231126131130-137-2984884,1,1,,,330593D1EB7F60000000F686
1701000755,MAC00142D488088-20231126131203-137-3018434,1,1,,,330593D1EB7F600000014883
1701000824,MAC00142D488088-20231126131309-137-3083753,1,1,,,330593D1EB7F600000014BCA
1701000824,MAC00142D488088-20231126131309-137-3083753,1,1,,,330593D1EB7F600000006582
1701000874,MAC00142D488088-20231126131336-137-3111603,1,1,,,330593D1EB7F600000001923
1701000875,MAC00142D488088-20231126131336-137-3111603,1,1,,,330593D1EB7F600000014ACC
1701000914,MAC00142D488088-20231126131436-137-3170787,1,1,,,330593D1EB7F60000001598D
1701000915,MAC00142D488088-20231126131436-137-3170787,1,1,,,330593D1EB7F60000000A6A2
1701000921,MAC00142D488088-20231126131436-137-3170787,1,1,,,330593D1EB7F600000001E0F
1701000947,MAC00142D488088-20231126131516-137-3210917,1,1,,,330593D1EB7F60000000B442
1701000967,MAC00142D488088-20231126131535-137-3229865,1,1,,,330593D1EB7F60000000AA19
1701000967,MAC00142D488088-20231126131535-137-3229865,1,1,,,330593D1EB7F60000000FD6B
1701001002,MAC00142D488088-20231126131557-137-3252002,1,1,,,330593D1EB7F60000000571D
1701001003,MAC00142D488088-20231126131557-137-3252002,1,1,,,330593D1EB7F600000003E92
1701001023,MAC00142D488088-20231126131632-137-3286850,1,1,,,330593D1EB7F6000000068A9
1701001023,MAC00142D488088-20231126131632-137-3286850,1,1,,,330593D1EB7F600000007522
1701001104,MAC00142D488088-20231126131733-137-3347945,1,1,,,330593D1EB7F600000015718
1701001104,MAC00142D488088-20231126131733-137-3347945,1,1,,,330593D1EB7F600000015078
1701001143,MAC00142D488088-20231126131813-137-3388494,1,1,,,330593D1EB7F600000015522
1701001144,MAC00142D488088-20231126131813-137-3388494,2,1,,,330593D1EB7F600000005988,330593D1EB7F600000015D9F
1701001244,MAC00142D488088-20231126131930-137-3464891,1,1,,,330593D1EB7F6000000102E9
1701001245,MAC00142D488088-20231126131930-137-3464891,1,1,,,330593D1EB7F600000005CDF
1701001255,MAC00142D488088-20231126131930-137-3464891,2,1,,,330593D1EB7F6000000032E0,330593D1EB7F600000014981
1701001256,MAC00142D488088-20231126131930-137-3464891,1,1,,,330593D1EB7F6000000109DD
1701001260,MAC00142D488088-20231126131930-137-3464891,1,1,,,330593D1EB7F600000008CE3
1701001261,MAC00142D488088-20231126131930-137-3464891,1,1,,,330593D1EB7F600000015622
1701001306,MAC00142D488088-20231126132113-137-3568353,1,1,,,330593D1EB7F60000000B522
1701001321,MAC00142D488088-20231126132132-137-3586954,1,1,,,330593D1EB7F600000009372
1701001322,MAC00142D488088-20231126132132-137-3586954,1,1,,,330593D1EB7F600000006FF7
1701001351,MAC00142D488088-20231126132200-137-3615342,1,1,,,330593D1EB7F600000007004
1701001352,MAC00142D488088-20231126132200-137-3615342,1,1,,,330593D1EB7F600000005F30
1701001383,MAC00142D488088-20231126132221-137-3635778,1,1,,,330593D1EB7F600000005FE1
1701001396,MAC00142D488088-20231126132221-137-3635778,1,1,,,330593D1EB7F6000000147A5
1701001401,MAC00142D488088-20231126132221-137-3635778,1,1,,,330593D1EB7F6000000043BC
1701001419,MAC00142D488088-20231126132309-137-3684552,1,1,,,330593D1EB7F6000000040CF
1701001437,MAC00142D488088-20231126132325-137-3700382,1,1,,,330593D1EB7F60000000FBF6
1701001438,MAC00142D488088-20231126132325-137-3700382,1,1,,,330593D1EB7F600000010536
1701001478,MAC00142D488088-20231126132325-137-3700382,1,1,,,330593D1EB7F60000000B8A4
1701001479,MAC00142D488088-20231126132325-137-3700382,1,1,,,330593D1EB7F6000000162DD
1701001495,MAC00142D488088-20231126132425-137-3760351,1,1,,,330593D1EB7F60000000AB32
1701001496,MAC00142D488088-20231126132425-137-3760351,1,1,,,330593D1EB7F60000000FD8C
1701001513,MAC00142D488088-20231126132443-137-3778026,1,1,,,330593D1EB7F6000000155F5
1701001536,MAC00142D488088-20231126132505-137-3800380,1,1,,,330593D1EB7F6000000157E8
1701001575,MAC00142D488088-20231126132523-137-3817947,1,1,,,330593D1EB7F600000004BF1
1701001608,MAC00142D488088-20231126132559-137-3853680,1,1,,,330593D1EB7F600000010EDF
1701001608,MAC00142D488088-20231126132559-137-3853680,1,1,,,330593D1EB7F60000000F8FD
1701001640,MAC00142D488088-20231126132636-137-3890976,1,1,,,330593D1EB7F600000007006
1701001641,MAC00142D488088-20231126132636-137-3890976,1,1,,,330593D1EB7F600000016257
1701001670,MAC00142D488088-20231126132636-137-3890976,1,1,,,330593D1EB7F600000014AE9
1701001670,MAC00142D488088-20231126132636-137-3890976,1,1,,,330593D1EB7F6000000145E6
1701001705,MAC00142D488088-20231126132737-137-3951887,2,1,,,330593D1EB7F60000000901A,330593D1EB7F60000000C579
1701001706,MAC00142D488088-20231126132737-137-3951887,1,1,,,330593D1EB7F600000002F74
1701001721,MAC00142D488088-20231126132737-137-3951887,1,1,,,330593D1EB7F60000000B397
1701001722,MAC00142D488088-20231126132737-137-3951887,1,1,,,330593D1EB7F600000011A23
1701001740,MAC00142D488088-20231126132827-137-4002201,1,1,,,330593D1EB7F600000005C3F
1701001741,MAC00142D488088-20231126132827-137-4002201,1,1,,,330593D1EB7F600000014DF1
1701001765,MAC00142D488088-20231126132856-137-4030748,1,1,,,330593D1EB7F600000006E71
1701001790,MAC00142D488088-20231126132909-137-4044290,1,1,,,330593D1EB7F60000001630D
1701001790,MAC00142D488088-20231126132909-137-4044290,1,1,,,330593D1EB7F60000000A6BF
1701001823,MAC00142D488088-20231126132939-137-4074381,1,1,,,330593D1EB7F60000000F84D
1701001841,MAC00142D488088-20231126133006-137-4101584,1,1,,,330593D1EB7F60000001586D
1701001865,MAC00142D488088-20231126133033-137-4128195,1,1,,,330593D1EB7F600000015674
1701001866,MAC00142D488088-20231126133033-137-4128195,1,1,,,330593D1EB7F6000000151FC
1701001894,MAC00142D488088-20231126133033-137-4128195,1,1,,,330593D1EB7F600000001B58
1701001895,MAC00142D488088-20231126133033-137-4128195,1,1,,,330593D1EB7F600000008FB3
1701001927,MAC00142D488088-20231126133131-137-4185761,1,1,,,330593D1EB7F600000016051
1701001928,MAC00142D488088-20231126133131-137-4185761,1,1,,,330593D1EB7F600000010327
1701001933,MAC00142D488088-20231126133131-137-4185761,1,1,,,330593D1EB7F60000000B15B
1701003359,MAC00142D488088-20231126135528-137-5623486,2,1,,,330593D1EB7F60000000591C,330593D1EB7F600000015B7D
1701003360,MAC00142D488088-20231126135528-137-5623486,1,1,,,330593D1EB7F6000000072B9
1701003366,MAC00142D488088-20231126135528-137-5623486,1,1,,,330593D1EB7F6000000017C9
1701004005,MAC00142D488088-20231126140614-137-6268655,1,1,,,330593D1EB7F60000000098E
1701004006,MAC00142D488088-20231126140614-137-6268655,2,1,,,330593D1EB7F6000000001CB,330593D1EB7F600000006AB1
1701004013,MAC00142D488088-20231126140614-137-6268655,1,1,,,330593D1EB7F600000015DDB
1701004037,MAC00142D488088-20231126140647-137-6302459,1,1,,,330593D1EB7F60000000AB06
1701004113,MAC00142D488088-20231126140759-137-6374423,1,1,,,330593D1EB7F60000000C4A4
1701004114,MAC00142D488088-20231126140759-137-6374423,1,1,,,330593D1EB7F600000008A07
1701004131,MAC00142D488088-20231126140820-137-6395316,1,1,,,330593D1EB7F600000010516
1701004132,MAC00142D488088-20231126140820-137-6395316,1,1,,,330593D1EB7F600000015804
1701004285,MAC00142D488088-20231126141053-137-6548163,2,1,,,330593D1EB7F6000000092E5,330593D1EB7F60000000A872
1701004301,MAC00142D488088-20231126141053-137-6548163,1,1,,,330593D1EB7F600000005480
1701004322,MAC00142D488088-20231126141131-137-6586239,1,1,,,330593D1EB7F6000000018FC
1701004425,MAC00142D488088-20231126141246-137-6661467,1,1,,,330593D1EB7F600000010D7E
1701004452,MAC00142D488088-20231126141341-137-6716080,1,1,,,330593D1EB7F600000015B95
1701004475,MAC00142D488088-20231126141404-137-6739327,1,1,,,330593D1EB7F6000000103D4
1701004569,MAC00142D488088-20231126141454-137-6788957,1,1,,,330593D1EB7F600000014B1D
1701004569,MAC00142D488088-20231126141454-137-6788957,2,1,,,330593D1EB7F6000000074B6,330593D1EB7F60000000B9DF
1701004579,MAC00142D488088-20231126141454-137-6788957,1,1,,,330593D1EB7F600000004063
1701004580,MAC00142D488088-20231126141454-137-6788957,2,1,,,330593D1EB7F600000011E94,330593D1EB7F6000000161B0
1701004586,MAC00142D488088-20231126141454-137-6788957,1,1,,,330593D1EB7F600000008791
1701004620,MAC00142D488088-20231126141614-137-6869383,1,1,,,330593D1EB7F600000014D0D
1701004621,MAC00142D488088-20231126141614-137-6869383,1,1,,,330593D1EB7F6000000070FA
1701004627,MAC00142D488088-20231126141614-137-6869383,1,1,,,330593D1EB7F60000000BC77
1701004666,MAC00142D488088-20231126141717-137-6932508,1,1,,,330593D1EB7F60000000016F
1701004667,MAC00142D488088-20231126141717-137-6932508,1,1,,,330593D1EB7F6000000119EA
1701004740,MAC00142D488088-20231126141829-137-7004147,1,1,,,330593D1EB7F60000000BA54
1701004809,MAC00142D488088-20231126141938-137-7073591,1,1,,,330593D1EB7F60000000F677
1701004810,MAC00142D488088-20231126141938-137-7073591,1,1,,,330593D1EB7F6000000018D8
1701004837,MAC00142D488088-20231126142001-137-7096576,1,1,,,330593D1EB7F600000014AFF
1701004838,MAC00142D488088-20231126142001-137-7096576,1,1,,,330593D1EB7F6000000001CE
1701004854,MAC00142D488088-20231126142001-137-7096576,1,1,,,330593D1EB7F6000000006B5
1701004894,MAC00142D488088-20231126142100-137-7154728,2,1,,,330593D1EB7F600000007472,330593D1EB7F60000000A857
1701004895,MAC00142D488088-20231126142100-137-7154728,1,1,,,330593D1EB7F60000000978F
1701004933,MAC00142D488088-20231126142124-137-7179492,1,1,,,330593D1EB7F6000000095AB
1701004934,MAC00142D488088-20231126142124-137-7179492,2,1,,,330593D1EB7F600000004720,330593D1EB7F60000000B1FF
1701004943,MAC00142D488088-20231126142124-137-7179492,1,1,,,330593D1EB7F6000000065A6
1701005014,MAC00142D488088-20231126142303-137-7278299,1,1,,,330593D1EB7F60000000C4BA
1701005015,MAC00142D488088-20231126142303-137-7278299,2,1,,,330593D1EB7F600000004C9D,330593D1EB7F60000000FFBB
