1711037018306-0,9535
1711037018308-0,9535
1711037018309-0,9572
1711037018309-1,9572
1711037018310-0,9580
1711037018311-0,9580
1711037018311-1,9587
1711037018312-0,9587
1711037018313-0,9594
1711037018314-0,9594
1711037018314-1,9623
1711037018315-0,9623
1711037018315-1,9638
1711037018316-0,9638
1711037018316-1,9649
1711037018316-2,9649
1711037018317-0,9660
1711037018317-1,9660
1711037018317-2,9665
1711037018318-0,9665
1711037018318-1,9692
1711037018319-0,9692
1711037018319-1,9703
1711037018319-2,9703
1711037018320-0,9713
1711037018320-1,9713
1711037018321-0,9716
1711037018321-1,9716
1711037018321-2,9734
1711037018322-0,9734
1711037018322-1,9753
1711037018322-2,9753
1711037018323-0,9762
1711037018323-1,9762
1711037018323-2,9779
1711037018323-3,9779
1711037018324-0,9802
1711037018324-1,9802
1711037018324-2,9814
1711037018324-3,9814
1711037018324-4,9829
1711037018325-0,9829
1711037018325-1,9845
1711037018325-2,9845
1711037018326-0,9862
1711037018326-1,9862
1711037018326-2,9867
1711037018326-3,9867
1711037018326-4,9885
1711037018326-5,9885
1711037018327-0,9922
1711037018327-1,9922
1711037018327-2,9940
1711037018327-3,9940
1711037018328-0,9951
1711037018328-1,9951
1711037018328-2,9957
1711037018328-3,9957
1711037018328-4,9967
1711037018329-0,9967
1711037018329-1,9984
1711037018329-2,9984
1711037018329-3,9994
1711037018329-4,9994
1711037018330-0,10000
1711037018330-1,10000
1711037018330-2,10088
1711037018330-3,10088
1711037018330-4,10159
1711037018331-0,10159
1711037018331-1,10169
1711037018332-0,10169
1711037018332-1,10190
1711037018332-2,10190
1711037018332-3,10196
1711037018332-4,10196
1711037018333-0,10233
1711037018333-1,10233
1711037018333-2,10334
1711037018333-3,10334
1711037018334-0,10345
1711037018334-1,10345
1711037018334-2,10388
1711037018334-3,10388
1711037018334-4,10397
1711037018335-0,10397
1711037018335-1,10416
1711037018335-2,10416
1711037018335-3,10434
1711037018335-4,10434
1711037018336-0,10458
1711037018336-1,10458
1711037018336-2,10475
1711037018336-3,10485
1711037018337-0,10485
1711037018337-1,10532
1711037018337-2,10532
1711037018337-3,10542
1711037018338-0,10542
1711037018338-1,10615
1711037018339-0,10657
1711037018339-1,10657
1711037018339-2,10699
1711037018340-0,10699
1711037018340-1,10783
1711037018340-2,10783
1711037018340-3,10784
1711037018340-4,10784
1711037018341-0,10800
1711037018341-1,10800
1711037018341-2,10808
1711037018341-3,10808
1711037018341-4,10852
1711037018342-0,10852
1711037018342-1,10875
1711037018342-2,10875
1711037018342-3,10881
1711037018343-0,10881
1711037018343-1,11007
1711037018343-2,11007
1711037018343-3,11018
1711037018343-4,11018
1711037018344-0,11027
1711037018344-1,11027
1711037018344-2,11037
1711037018345-0,11037
1711037018345-1,11061
1711037018345-2,11061
1711037018345-3,11094
1711037018345-4,11094
1711037018346-0,11108
1711037018346-1,11108
1711037018346-2,11156
1711037018346-3,11156
1711037018346-4,11216
1711037018346-5,11216
1711037018347-0,11224
1711037018347-1,11224
1711037018347-2,11239
1711037018347-3,11239
1711037018347-4,11246
1711037018347-5,11246
1711037018348-0,11254
1711037018348-1,11254
1711037018348-2,11263
1711037018348-3,11263
1711037018348-4,11279
1711037018348-5,11279
1711037018349-0,11299
1711037018349-1,11299
1711037018349-2,11307
1711037018349-3,11307
1711037018349-4,11332
1711037018350-0,11332
1711037018350-1,11352
1711037018350-2,11352
1711037018350-3,11369
1711037018350-4,11369
1711037018350-5,11385
1711037018351-0,11385
1711037018351-1,11389
1711037018351-2,11389
1711037018351-3,11400
1711037018351-4,11400
1711037018351-5,11415
1711037018352-0,11415
1711037018352-1,11438
1711037018352-2,11438
1711037018352-3,11464
1711037018352-4,11464
1711037018352-5,11466
1711037018353-0,11466
1711037018353-1,11475
1711037018353-2,11475
1711037018353-3,11506
1711037018353-4,11506
1711037018353-5,11557
1711037018354-0,11557
1711037018354-1,11561
1711037018354-2,11561
1711037018354-3,11578
1711037018354-4,11578
1711037018354-5,11593
1711037018354-6,11593
1711037018355-0,11619
1711037018355-1,11619
1711037018355-2,11656
1711037018355-3,11656
1711037018355-4,11670
1711037018355-5,11670
1711037018356-0,11712
1711037018356-1,11712
1711037018356-2,11791
1711037018356-3,11791
1711037018356-4,11854
1711037018356-5,11854
1711037018357-0,11930
1711037018357-1,11930
1711037018357-2,12009
1711037018357-3,12009
1711037018358-0,12015
1711037018358-1,12015
1711037018358-2,12063
1711037018358-3,12063
1711037018358-4,12077
1711037018358-5,12077
1711037018359-0,12084
1711037018359-1,12084
1711037018359-2,12114
1711037018359-3,12114
1711037018359-4,12146
1711037018359-5,12146
1711037019468-0,10131
1711037019470-0,10131
1711037019471-0,10649
1711037019471-1,10649
1711037019472-0,10655
1711037019473-0,10655
1711037019474-0,10758
1711037019475-0,10758
1711037019475-1,10785
1711037019476-0,10785
1711037019476-1,11891
1711037019477-0,11891
1711037019477-1,11892
1711037019478-0,11892
1711037020506-0,9509
1711037020507-0,9509
1711037020508-0,9514
1711037020509-0,9514
1711037020510-0,9518
1711037020511-0,9518
1711037020512-0,9524
1711037020513-0,9524
1711037020514-0,9525
1711037020514-1,9525
1711037020515-0,9533
1711037020516-0,9533
1711037020516-1,9540
1711037020517-0,9540
1711037020518-0,9547
1711037020519-0,9547
1711037020520-0,9551
1711037020521-0,9551
1711037020521-1,9555
1711037020522-0,9555
1711037020522-1,9565
1711037020523-0,9565
1711037020524-0,9570
1711037020524-1,9570
1711037020525-0,9584
1711037020525-1,9584
1711037020526-0,9620
1711037020526-1,9620
1711037020527-0,9635
1711037020528-0,9635
1711037020528-1,9641
1711037020529-0,9641
1711037020529-1,9647
1711037020530-0,9647
1711037020530-1,9673
1711037020531-0,9673
1711037020531-1,9676
1711037020532-0,9676
1711037020532-1,9690
1711037020533-0,9690
1711037020533-1,9711
1711037020533-2,9711
1711037020534-0,9722
1711037020534-1,9722
1711037020535-0,9730
1711037020536-0,9730
1711037020536-1,9746
1711037020537-0,9746
1711037020537-1,9767
1711037020538-0,9767
1711037020538-1,9774
1711037020539-0,9774
1711037020539-1,9790
1711037020540-0,9790
1711037020540-1,9806
1711037020541-0,9806
1711037020541-1,9819
1711037020542-0,9819
1711037020542-1,9847
1711037020542-2,9847
1711037020543-0,9856
1711037020544-0,9856
1711037020544-1,9963
1711037020545-0,9963
1711037020546-0,9988
1711037020546-1,9988
1711037020547-0,10003
1711037020547-1,10003
1711037020548-0,10016
1711037020548-1,10016
1711037020549-0,10024
1711037020550-0,10024
1711037020550-1,10051
1711037020551-0,10051
1711037020551-1,10056
1711037020552-0,10056
1711037020552-1,10085
1711037020553-0,10085
1711037020553-1,10090
1711037020554-0,10090
1711037020554-1,10101
1711037020555-0,10101
1711037020555-1,10110
1711037020556-0,10110
1711037020556-1,10117
1711037020557-0,10117
1711037020557-1,10128
1711037020557-2,10128
1711037020558-0,10155
1711037020558-1,10155
1711037020559-0,10162
1711037020559-1,10162
1711037020560-0,10206
1711037020561-0,10206
1711037020562-0,10212
1711037020562-1,10212
1711037020563-0,10248
1711037020563-1,10248
1711037020563-2,10265
1711037020564-0,10265
1711037020567-0,10294
1711037020567-1,10294
1711037020568-0,10318
1711037020568-1,10318
1711037020569-0,10353
1711037020570-0,10353
1711037020570-1,10354
1711037020570-2,10354
1711037020571-0,10384
1711037020571-1,10384
1711037020571-2,10486
1711037020572-0,10486
1711037020572-1,10502
1711037020573-0,10502
1711037020574-0,10509
1711037020574-1,10509
1711037020574-2,10579
1711037020575-0,10579
1711037020575-1,10580
1711037020576-0,10580
1711037020577-0,10611
1711037020577-1,10611
1711037020577-2,10618
1711037020578-0,10618
1711037020578-1,10630
1711037020578-2,10630
1711037020579-0,10665
1711037020579-1,10665
1711037020579-2,10694
1711037020580-0,10694
1711037020580-1,10717
1711037020581-0,10717
1711037020581-1,10727
1711037020582-0,10727
1711037020582-1,10744
1711037020583-0,10744
1711037020583-1,10782
1711037020584-0,10782
1711037020584-1,10791
1711037020584-2,10791
1711037020585-0,10845
1711037020585-1,10845
1711037020585-2,10874
1711037020586-0,10874
1711037020586-1,10888
1711037020586-2,10888
1711037020587-0,10932
1711037020587-1,10932
1711037020587-2,10941
1711037020588-0,10941
1711037020588-1,10945
1711037020588-2,10945
1711037020589-0,10961
1711037020589-1,10961
1711037020590-0,10979
1711037020590-1,10979
1711037020590-2,10985
1711037020591-0,10985
1711037020591-1,11005
1711037020591-2,11005
1711037020592-0,11044
1711037020592-1,11044
1711037020592-2,11067
1711037020593-0,11067
1711037020593-1,11092
1711037020594-0,11092
1711037020594-1,11093
1711037020594-2,11093
1711037020595-0,11106
1711037020595-1,11106
1711037020595-2,11215
1711037020596-0,11215
1711037020596-1,11237
1711037020596-2,11237
1711037020597-0,11262
1711037020597-1,11262
1711037020597-2,11319
1711037020598-0,11319
1711037020598-1,11331
1711037020599-0,11331
1711037020599-1,11378
1711037020599-2,11388
1711037020600-0,11388
1711037020600-1,11401
1711037020600-2,11401
1711037020601-0,11460
1711037020601-1,11460
1711037020601-2,11585
1711037020602-0,11585
1711037020602-1,11614
1711037020602-2,11614
1711037020603-0,11660
1711037020603-1,11660
1711037020603-2,11710
1711037020603-3,11710
1711037020604-0,11749
1711037020604-1,11749
1711037020604-2,11825
1711037020605-0,11825
1711037020605-1,11888
1711037020608-0,11888
1711037020608-1,11898
1711037020609-0,11901
1711037020609-1,11901
1711037020609-2,11934
1711037020610-0,11945
1711037020610-1,11945
1711037020610-2,11965
1711037020610-3,11965
1711037020611-0,12031
1711037020611-1,12031
1711037020611-2,12076
1711037020611-3,12076
1711037020612-0,12083
1711037020612-1,12083
1711037020612-2,12127
1711037020613-0,12127
1711037021653-0,9508
1711037021654-0,9508
1711037021655-0,9578
1711037021655-1,9578
1711037021656-0,9590
1711037021656-1,9590
1711037021657-0,9625
1711037021657-1,9625
1711037021658-0,9642
1711037021659-0,9642
1711037021660-0,9648
1711037021660-1,9648
1711037021661-0,9659
1711037021662-0,9659
1711037021663-0,9677
1711037021664-0,9677
1711037021664-1,9685
1711037021665-0,9685
1711037021665-1,9697
1711037021666-0,9697
1711037021666-1,9708
1711037021667-0,9708
1711037021667-1,9725
1711037021667-2,9725
1711037021668-0,9738
1711037021668-1,9738
1711037021668-2,9752
1711037021669-0,9752
1711037021671-0,9776
1711037021672-0,9776
1711037021674-0,9807
1711037021674-1,9807
1711037021675-0,9820
1711037021675-1,9820
1711037021676-0,9842
1711037021676-1,9842
1711037021677-0,9858
1711037021678-0,9858
1711037021678-1,9882
1711037021678-2,9882
1711037021679-0,9916
1711037021680-0,9916
1711037021680-1,9928
1711037021680-2,9928
1711037021681-0,9944
1711037021681-1,9944
1711037021681-2,9955
1711037021682-0,9955
1711037021682-1,9964
1711037021683-0,9964
1711037021683-1,9989
1711037021684-0,9989
1711037021684-1,10017
1711037021684-2,10017
1711037021685-0,10036
1711037021686-0,10036
1711037021687-0,10082
1711037021687-1,10082
1711037021688-0,10086
1711037021688-1,10086
1711037021689-0,10103
1711037021689-1,10103
1711037021689-2,10135
1711037021690-0,10135
1711037021691-0,10141
1711037021691-1,10141
1711037021692-0,10182
1711037021692-1,10182
1711037021692-2,10186
1711037021693-0,10186
1711037021694-0,10195
1711037021694-1,10195
1711037021694-2,10208
1711037021695-0,10208
1711037021696-0,10223
1711037021696-1,10223
1711037021696-2,10308
1711037021697-0,10308
1711037021697-1,10341
1711037021698-0,10341
1711037021698-1,10342
1711037021698-2,10342
1711037021699-0,10386
1711037021699-1,10386
1711037021700-0,10461
1711037021700-1,10461
1711037021700-2,10479
1711037021701-0,10479
1711037021701-1,10503
1711037021702-0,10503
1711037021702-1,10510
1711037021702-2,10510
1711037021703-0,10522
1711037021703-1,10522
1711037021704-0,10556
1711037021704-1,10556
1711037021705-0,10574
1711037021705-1,10574
1711037021705-2,10581
1711037021706-0,10581
1711037021708-0,10619
1711037021708-1,10619
1711037021709-0,10632
1711037021709-1,10632
1711037021709-2,10642
1711037021710-0,10642
1711037021710-1,10673
1711037021710-2,10673
1711037021711-0,10695
1711037021711-1,10695
1711037021713-0,10728
1711037021713-1,10728
1711037021714-0,10759
1711037021714-1,10759
1711037021714-2,10765
1711037021715-0,10765
1711037021715-1,10801
1711037021715-2,10801
1711037021716-0,10806
1711037021716-1,10806
1711037021716-2,10946
1711037021716-3,10946
1711037021717-0,10975
1711037021717-1,10975
1711037021717-2,11062
1711037021717-3,11062
1711037021718-0,11068
1711037021718-1,11068
1711037021718-2,11195
1711037021718-3,11195
1711037021719-0,11211
1711037021719-1,11211
1711037021719-2,11247
1711037021719-3,11247
1711037021719-4,11366
1711037021720-0,11366
1711037021720-1,11384
1711037021720-2,11384
1711037021721-0,11411
1711037021721-1,11411
1711037021721-2,11421
1711037021721-3,11421
1711037021722-0,11448
1711037021722-1,11448
1711037021722-2,11465
1711037021723-0,11465
1711037021723-1,11476
1711037021723-2,11476
1711037021723-3,11487
1711037021724-0,11487
1711037021724-1,11528
1711037021724-2,11528
1711037021725-0,11571
1711037021725-1,11571
1711037021725-2,11615
1711037021726-0,11615
1711037021726-1,11663
1711037021726-2,11663
1711037021726-3,11666
1711037021727-0,11666
1711037021727-1,11669
1711037021727-2,11669
1711037021727-3,11890
1711037021728-0,11890
1711037021728-1,11921
1711037021728-2,11921
1711037021729-0,11950
1711037021729-1,11950
1711037021729-2,11966
1711037021730-0,11966
1711037021730-1,11975
1711037021730-2,11975
1711037021730-3,12002
1711037021731-0,12002
1711037021731-1,12021
1711037021731-2,12021
1711037021732-0,12117
1711037021732-1,12117
1711037022795-0,9541
1711037022796-0,9541
1711037022796-1,9616
1711037022796-2,9616
1711037022797-0,9633
1711037022797-1,9633
1711037022798-0,9985
1711037022799-0,9985
1711037022800-0,9998
1711037022801-0,9998
1711037022801-1,10040
1711037022802-0,10040
1711037022802-1,10067
1711037022803-0,10067
1711037022803-1,10074
1711037022804-0,10074
1711037022804-1,10107
1711037022804-2,10107
1711037022805-0,10120
1711037022806-0,10120
1711037022806-1,10180
1711037022807-0,10180
1711037022808-0,10202
1711037022809-0,10202
1711037022809-1,10276
1711037022810-0,10276
1711037022810-1,10304
1711037022811-0,10304
1711037022811-1,10323
1711037022812-0,10323
1711037022812-1,10372
1711037022813-0,10390
1711037022813-1,10390
1711037022815-0,10402
1711037022815-1,10402
1711037022816-0,10405
1711037022816-1,10405
1711037022816-2,10450
1711037022817-0,10450
1711037022817-1,10493
1711037022817-2,10493
1711037022817-3,10539
1711037022818-0,10539
1711037022818-1,10552
1711037022818-2,10552
1711037022818-3,10571
1711037022818-4,10571
1711037022819-0,10616
1711037022819-1,10616
1711037022819-2,10638
1711037022819-3,10638
1711037022820-0,10681
1711037022820-1,10681
1711037022820-2,10742
1711037022821-0,10742
1711037022821-1,10781
1711037022821-2,10781
1711037023833-0,9511
1711037023834-0,9511
1711037023834-1,9517
1711037023835-0,9517
1711037023835-1,9519
1711037023836-0,9519
1711037023836-1,9531
1711037023837-0,9531
1711037023837-1,9545
1711037023838-0,9545
1711037023838-1,9561
1711037023839-0,9561
1711037023839-1,9566
1711037023840-0,9566
1711037023840-1,9573
1711037023840-2,9573
1711037023841-0,9581
1711037023841-1,9581
1711037023842-0,9603
1711037023842-1,9603
1711037023843-0,9615
1711037023843-1,9615
1711037023844-0,9627
1711037023844-1,9627
1711037023844-2,9639
1711037023845-0,9639
1711037023845-1,9683
1711037023845-2,9683
1711037023845-3,9694
1711037023846-0,9694
1711037023846-1,9717
1711037023846-2,9717
1711037023847-0,9729
1711037023847-1,9729
1711037023847-2,9740
1711037023848-0,9740
1711037023848-1,9741
1711037023848-2,9741
1711037023849-0,9755
1711037023849-1,9755
1711037023849-2,9787
1711037023850-0,9787
1711037023850-1,9810
1711037023850-2,9810
1711037023850-3,9816
1711037023851-0,9816
1711037023851-1,9838
1711037023851-2,9838
1711037023852-0,9869
1711037023852-1,9869
1711037023852-2,9878
1711037023852-3,9878
1711037023853-0,10006
1711037023853-1,10006
1711037023853-2,10032
1711037023853-3,10032
1711037023854-0,10033
1711037023854-1,10033
1711037023854-2,10049
1711037023854-3,10049
1711037023855-0,10058
1711037023855-1,10058
1711037023855-2,10072
1711037023856-0,10072
1711037023856-1,10097
1711037023856-2,10097
1711037023856-3,10106
1711037023857-0,10106
1711037023857-1,10149
1711037023857-2,10149
1711037023857-3,10172
1711037023858-0,10172
1711037023858-1,10192
1711037023858-2,10192
1711037023858-3,10219
1711037023859-0,10219
1711037023859-1,10226
1711037023859-2,10226
1711037023859-3,10243
1711037023860-0,10243
1711037023860-1,10302
1711037023860-2,10302
1711037023860-3,10311
1711037023861-0,10311
1711037023861-1,10399
1711037023861-2,10399
1711037023861-3,10417
1711037023862-0,10417
1711037023862-1,10478
1711037023862-2,10478
1711037023862-3,10646
1711037023863-0,10646
1711037023863-1,10660
1711037023863-2,10660
1711037023863-3,10680
1711037023864-0,10680
1711037023864-1,10713
1711037023864-2,10713
1711037023864-3,10740
1711037023865-0,10740
1711037023866-0,10755
1711037023866-1,10755
1711037023866-2,10764
1711037023866-3,10764
1711037023867-0,10767
1711037023867-1,10767
1711037023867-2,10843
1711037023867-3,10843
1711037023868-0,10847
1711037023868-1,10847
1711037023868-2,10858
1711037023868-3,10858
1711037023869-0,10885
1711037023869-1,10885
1711037023869-2,10894
1711037023869-3,10894
1711037023870-0,10915
1711037023870-1,10915
1711037023870-2,10954
1711037023870-3,10954
1711037023871-0,10960
1711037023871-1,10960
1711037023871-2,10978
1711037023871-3,10978
1711037023872-0,11014
1711037023872-1,11014
1711037023872-2,11053
1711037023872-3,11053
1711037023873-0,11212
1711037023873-1,11212
1711037023873-2,11367
1711037023873-3,11367
1711037023874-0,11583
1711037023874-1,11583
1711037023874-2,11592
1711037023874-3,11592
1711037023875-0,11638
1711037023875-1,11638
1711037023875-2,11659
1711037023875-3,11659
1711037023876-0,11787
1711037023876-1,11787
1711037023876-2,11827
1711037023877-0,11827
1711037023877-1,11851
1711037023877-2,11851
1711037023878-0,12054
1711037023878-1,12054
1711037023878-2,12088
1711037023878-3,12088
1711037023879-0,12095
1711037023879-1,12095
1711037023879-2,12137
1711037023879-3,12137
1711037024974-0,9512
1711037024976-0,9512
1711037024978-0,9520
1711037024978-1,9520
1711037024979-0,9526
1711037024980-0,9526
1711037024980-1,9549
1711037024981-0,9549
1711037024982-0,9557
1711037024982-1,9557
1711037024983-0,9569
1711037024984-0,9569
1711037024984-1,9574
1711037024985-0,9574
1711037024986-0,9582
1711037024987-0,9582
1711037024987-1,9599
1711037024988-0,9599
1711037024990-0,9628
1711037024991-0,9628
1711037024992-0,9658
1711037024993-0,9658
1711037024993-1,9672
1711037024995-0,9672
1711037024995-1,9675
1711037024996-0,9675
1711037024996-1,9687
1711037024997-0,9687
1711037024997-1,9706
1711037024998-0,9706
1711037024998-1,9735
1711037024998-2,9735
1711037024999-0,9742
1711037024999-1,9742
1711037025000-0,9763
1711037025000-1,9763
1711037025001-0,9772
1711037025001-1,9772
1711037025002-0,9795
1711037025002-1,9795
1711037025003-0,9805
1711037025003-1,9805
1711037025004-0,9817
1711037025004-1,9817
1711037025005-0,9830
1711037025005-1,9830
1711037025005-2,9852
1711037025006-0,9852
1711037025006-1,9871
1711037025007-0,9871
1711037025007-1,9872
1711037025007-2,9872
1711037025008-0,9886
1711037025008-1,9886
1711037025009-0,9903
1711037025009-1,9903
1711037025009-2,9925
1711037025010-0,9925
1711037025010-1,9934
1711037025011-0,9934
1711037025011-1,10022
1711037025012-0,10022
1711037025012-1,10066
1711037025012-2,10066
1711037025013-0,10099
1711037025013-1,10099
1711037025014-0,10119
1711037025014-1,10119
1711037025014-2,10122
1711037025015-0,10122
1711037025015-1,10160
1711037025015-2,10160
1711037025016-0,10217
1711037025016-1,10217
1711037025017-0,10244
1711037025017-1,10244
1711037025017-2,10259
1711037025018-0,10259
1711037025018-1,10303
1711037025019-0,10303
1711037025019-1,10313
1711037025019-2,10313
1711037025020-0,10371
1711037025020-1,10371
1711037025021-0,10418
1711037025021-1,10418
1711037025021-2,10427
1711037025022-0,10427
1711037025022-1,10453
1711037025022-2,10453
1711037025023-0,10504
1711037025023-1,10504
1711037025023-2,10533
1711037025024-0,10533
1711037025024-1,10562
1711037025025-0,10562
1711037025025-1,10599
1711037025025-2,10599
1711037025026-0,10624
1711037025026-1,10624
1711037025030-0,10625
1711037025030-1,10625
1711037025031-0,10637
1711037025031-1,10637
1711037025032-0,10661
1711037025032-1,10661
1711037025033-0,10714
1711037025033-1,10714
1711037025034-0,10724
1711037025034-1,10724
1711037025035-0,10794
1711037025035-1,10794
1711037025035-2,10844
1711037025036-0,10844
1711037025036-1,10890
1711037025036-2,10890
1711037025036-3,10909
1711037025037-0,10909
1711037025037-1,11028
1711037025037-2,11028
1711037025038-0,11069
1711037025038-1,11069
1711037025038-2,11095
1711037025039-0,11095
1711037025039-1,11111
1711037025039-2,11111
1711037025040-0,11120
1711037025040-1,11120
1711037025040-2,11155
1711037025041-0,11155
1711037025041-1,11184
1711037025041-2,11184
1711037025042-0,11202
1711037025042-1,11202
1711037025043-0,11210
1711037025043-1,11210
1711037025043-2,11238
1711037025044-0,11238
1711037025044-1,11248
1711037025044-2,11248
1711037025045-0,11292
1711037025045-1,11292
1711037025045-2,11370
1711037025047-0,11370
1711037025047-1,11371
1711037025048-0,11371
1711037025048-1,11383
1711037025048-2,11383
1711037025049-0,11390
1711037025049-1,11390
1711037025049-2,11394
1711037025050-0,11394
1711037025050-1,11418
1711037025050-2,11418
1711037025050-3,11426
1711037025051-0,11426
1711037025051-1,11452
1711037025051-2,11452
1711037025052-0,11521
1711037025052-1,11521
1711037025053-0,11544
1711037025053-1,11544
1711037025053-2,11553
1711037025053-3,11553
1711037025054-0,11554
1711037025054-1,11554
1711037025054-2,11567
1711037025054-3,11567
1711037025055-0,11574
1711037025055-1,11574
1711037025055-2,11604
1711037025055-3,11604
1711037025056-0,11611
1711037025056-1,11611
1711037025057-0,11658
1711037025057-1,11658
1711037025057-2,11667
1711037025057-3,11667
1711037025058-0,11728
1711037025058-1,11728
1711037025058-2,11729
1711037025059-0,11729
1711037025059-1,11743
1711037025059-2,11743
1711037025059-3,11754
1711037025060-0,11754
1711037025060-1,11780
1711037025060-2,11780
1711037025060-3,11795
1711037025061-0,11795
1711037025061-1,11813
1711037025061-2,11813
1711037025061-3,11865
1711037025062-0,11865
1711037025062-1,11958
1711037025062-2,11958
1711037025062-3,11982
1711037025063-0,11982
1711037025063-1,11991
1711037025063-2,11991
1711037025071-0,12025
1711037025071-1,12025
1711037025072-0,12034
1711037025072-1,12034
1711037025072-2,12038
1711037025072-3,12038
1711037025073-0,12044
1711037025073-1,12044
1711037025073-2,12068
1711037025074-0,12068
1711037025074-1,12085
1711037025074-2,12085
1711037025074-3,12096
1711037025075-0,12096
1711037025075-1,12107
1711037025075-2,12107
1711037025075-3,12115
1711037025076-0,12115
1711037025076-1,12136
1711037025076-2,12136
1711037025076-3,12140
1711037025077-0,12140
1711037025077-1,12148
1711037025077-2,12148
1711037026096-0,9598
1711037026097-0,9598
1711037026098-0,9932
1711037026099-0,9932
1711037026100-0,10466
1711037026101-0,10466
1711037026101-1,10597
1711037026102-0,10597
1711037026103-0,10953
1711037026103-1,10953
1711037026103-2,11115
1711037026104-0,11115
1711037026104-1,11150
1711037026105-0,11150
1711037026105-1,11172
1711037026105-2,11172
1711037026106-0,11297
1711037026107-0,11297
1711037026108-0,11446
1711037026108-1,11446
1711037026109-0,11538
1711037026110-0,11538
1711037027137-0,9783
1711037027139-0,9783
1711037027144-0,9789
1711037027145-0,9789
1711037028179-0,9950
1711037028180-0,9950
1711037028181-0,10087
1711037028183-0,10087
1711037028183-1,10136
1711037028184-0,10136
1711037028184-1,10165
1711037028185-0,10165
1711037028185-1,10194
1711037028186-0,10194
1711037028186-1,10214
1711037028187-0,10214
1711037028187-1,10224
1711037028188-0,10224
1711037028188-1,10319
1711037028189-0,10319
1711037028189-1,10514
1711037028193-0,10514
1711037028194-0,10526
1711037028195-0,10526
1711037028195-1,10729
1711037028196-0,10729
1711037028196-1,10865
1711037028197-0,10865
1711037028197-1,10947
1711037028198-0,10947
1711037028199-0,10951
1711037028206-0,10951
1711037028208-0,11030
1711037028209-0,11030
1711037028210-0,11045
1711037028210-1,11045
1711037028211-0,11169
1711037028211-1,11169
1711037028212-0,11188
1711037028212-1,11188
1711037028213-0,11219
1711037028213-1,11219
1711037028214-0,11267
1711037028214-1,11267
1711037028215-0,11280
1711037028215-1,11280
1711037028216-0,11324
1711037028216-1,11324
1711037028217-0,11406
1711037028217-1,11406
1711037028218-0,11431
1711037028218-1,11431
1711037028219-0,11494
1711037028219-1,11494
1711037028220-0,11520
1711037028220-1,11520
1711037028221-0,11525
1711037028221-1,11525
1711037028221-2,11546
1711037028222-0,11546
1711037028222-1,11635
1711037028223-0,11635
1711037028224-0,11657
1711037028226-0,11657
1711037028226-1,11687
1711037028227-0,11687
1711037028227-1,11731
1711037028228-0,11731
1711037028228-1,11760
1711037028229-0,11760
1711037028229-1,11769
1711037028229-2,11769
1711037028230-0,11804
1711037028230-1,11804
1711037028231-0,11947
1711037028231-1,11947
1711037028231-2,11954
1711037028232-0,11954
1711037029323-0,9983
1711037029323-1,9983
1711037029324-0,10037
1711037029324-1,10037
1711037029325-0,10042
1711037029325-1,10042
1711037029325-2,10052
1711037029325-3,10052
1711037029326-0,10071
1711037029326-1,10071
1711037029326-2,10091
1711037029326-3,10091
1711037029327-0,10231
1711037029327-1,10231
1711037029327-2,10249
1711037029328-0,10249
1711037029328-1,10325
1711037029328-2,10325
1711037029329-0,10393
1711037029329-1,10393
1711037029329-2,10442
1711037029330-0,10442
1711037029330-1,10513
1711037029330-2,10513
1711037029330-3,10525
1711037029331-0,10525
1711037029331-1,10582
1711037029331-2,10582
1711037029332-0,10620
1711037029332-1,10620
1711037029332-2,10666
1711037029332-3,10666
1711037029333-0,10696
1711037029333-1,10696
1711037029333-2,10719
1711037029333-3,10719
1711037029335-0,10788
1711037029335-1,10788
1711037029335-2,10853
1711037029335-3,10853
1711037029336-0,10950
1711037029336-1,10950
1711037029337-0,11008
1711037029337-1,11008
1711037029337-2,11087
1711037029338-0,11087
1711037029338-1,11187
1711037029338-2,11187
1711037029339-0,11257
1711037029339-1,11257
1711037029339-2,11317
1711037029340-0,11317
1711037029340-1,11337
1711037029340-2,11337
1711037029341-0,11422
1711037029341-1,11422
1711037029341-2,11439
1711037029341-3,11439
1711037029342-0,11518
1711037029342-1,11518
1711037029342-2,11540
1711037029342-3,11540
1711037029342-4,11591
1711037029343-0,11591
1711037029343-1,11630
1711037029343-2,11630
1711037029343-3,11643
1711037029344-0,11643
1711037029344-1,11700
1711037029344-2,11700
1711037029345-0,11715
1711037029345-1,11715
1711037029345-2,11759
1711037029346-0,11759
1711037029346-1,11768
1711037029346-2,11768
1711037029347-0,11775
1711037029347-1,11775
1711037029347-2,11776
1711037029347-3,11776
1711037029347-4,11798
1711037029348-0,11798
1711037029348-1,11893
1711037029349-0,11893
1711037029349-1,11931
1711037029350-0,11931
1711037029350-1,12028
1711037029350-2,12028
1711037029350-3,12051
1711037029351-0,12051
1711037030358-0,9601
1711037030359-0,9601
1711037030359-1,9630
1711037030360-0,9630
1711037030362-0,9634
1711037030363-0,9634
1711037030364-0,9664
1711037030365-0,9664
1711037030366-0,9724
1711037030366-1,9724
1711037030367-0,9745
1711037030367-1,9745
1711037030368-0,9773
1711037030369-0,9773
1711037030369-1,9782
1711037030370-0,9782
1711037030371-0,9796
1711037030371-1,9796
1711037030372-0,9803
1711037030372-1,9803
1711037030373-0,9853
1711037030374-0,9853
1711037030375-0,9873
1711037030375-1,9873
1711037030376-0,9890
1711037030376-1,9890
1711037030377-0,9954
1711037030378-0,9954
1711037030378-1,9961
1711037030379-0,9961
1711037030379-1,9982
1711037030379-2,9982
1711037030380-0,10030
1711037030380-1,10030
1711037030380-2,10245
1711037030381-0,10245
1711037030382-0,10314
1711037030383-0,10314
1711037030383-1,10374
1711037030384-0,10374
1711037030384-1,10413
1711037030384-2,10413
1711037030385-0,10414
1711037030385-1,10414
1711037030385-2,10430
1711037030387-0,10430
1711037030387-1,10610
1711037030387-2,10610
1711037030388-0,10629
1711037030388-1,10629
1711037030388-2,10641
1711037030389-0,10641
1711037030389-1,10670
1711037030389-2,10670
1711037030390-0,10757
1711037030390-1,10757
1711037030391-0,10831
1711037030391-1,10831
1711037030391-2,10832
1711037030392-0,10832
1711037030392-1,10850
1711037030393-0,10850
1711037030393-1,10851
1711037030394-0,10851
1711037030394-1,10902
1711037030395-0,10902
1711037030395-1,10916
1711037030396-0,10916
1711037030396-1,10990
1711037030396-2,10990
1711037030397-0,11016
1711037030397-1,11016
1711037030398-0,11024
1711037030398-1,11024
1711037030398-2,11056
1711037030399-0,11056
1711037030400-0,11077
1711037030400-1,11077
1711037030400-2,11168
1711037030401-0,11168
1711037030401-1,11193
1711037030402-0,11193
1711037030402-1,11245
1711037030403-0,11245
1711037030403-1,11277
1711037030404-0,11277
1711037030404-1,11287
1711037030405-0,11287
1711037030405-1,11335
1711037030405-2,11335
1711037030406-0,11377
1711037030407-0,11377
1711037030407-1,11409
1711037030409-0,11409
1711037031495-0,9507
1711037031496-0,9507
1711037031496-1,9513
1711037031497-0,9527
1711037031498-0,9527
1711037031499-0,9536
1711037031500-0,9536
1711037031501-0,9542
1711037031501-1,9542
1711037031503-0,9553
1711037031503-1,9553
1711037031504-0,9583
1711037031504-1,9583
1711037031505-0,9592
1711037031505-1,9592
1711037031506-0,9610
1711037031506-1,9610
1711037031508-0,9624
1711037031509-0,9624
1711037031509-1,9631
1711037031510-0,9631
1711037031510-1,9643
1711037031511-0,9643
1711037031511-1,9663
1711037031512-0,9663
1711037031513-0,9670
1711037031513-1,9670
1711037031514-0,9684
1711037031515-0,9684
1711037031516-0,9695
1711037031517-0,9695
1711037031518-0,9709
1711037031518-1,9709
1711037031518-2,9710
1711037031519-0,9710
1711037031519-1,9718
1711037031520-0,9718
1711037031520-1,9851
1711037031521-0,9851
1711037031521-1,9863
1711037031522-0,9863
1711037031523-0,9870
1711037031523-1,9870
1711037031524-0,9879
1711037031524-1,9879
1711037031525-0,9897
1711037031525-1,9897
1711037031526-0,9933
1711037031526-1,9933
1711037031526-2,9953
1711037031527-0,9953
1711037031527-1,9958
1711037031527-2,9958
1711037031528-0,9980
1711037031528-1,9980
1711037031528-2,9997
1711037031529-0,9997
1711037031529-1,10012
1711037031529-2,10012
1711037031529-3,10021
1711037031530-0,10021
1711037031530-1,10034
1711037031530-2,10034
1711037031531-0,10050
1711037031531-1,10050
1711037031534-0,10079
1711037031534-1,10079
1711037031534-2,10114
1711037031535-0,10114
1711037031535-1,10123
1711037031536-0,10123
1711037031536-1,10132
1711037031536-2,10132
1711037031537-0,10171
1711037031537-1,10171
1711037031537-2,10173
1711037031538-0,10173
1711037031538-1,10185
1711037031539-0,10185
1711037031539-1,10191
1711037031540-0,10191
1711037031540-1,10238
1711037031541-0,10238
1711037031541-1,10241
1711037031541-2,10241
1711037031542-0,10242
1711037031542-1,10242
1711037031543-0,10251
1711037031543-1,10251
1711037031543-2,10301
1711037031544-0,10301
1711037031544-1,10322
1711037031545-0,10322
1711037031545-1,10363
1711037031546-0,10363
1711037031546-1,10373
1711037031546-2,10373
1711037031547-0,10389
1711037031547-1,10389
1711037031548-0,10410
1711037031550-0,10410
1711037031550-1,10425
1711037031550-2,10425
1711037031551-0,10435
1711037031551-1,10435
1711037031551-2,10449
1711037031552-0,10449
1711037031552-1,10460
1711037031553-0,10460
1711037031553-1,10476
1711037031554-0,10476
1711037031554-1,10483
1711037031554-2,10483
1711037031555-0,10516
1711037031555-1,10516
1711037031555-2,10544
1711037031556-0,10544
1711037031556-1,10568
1711037031557-0,10568
1711037031557-1,10586
1711037031557-2,10586
1711037031558-0,10598
1711037031558-1,10598
1711037031558-2,10650
1711037031559-0,10650
1711037031559-1,10651
1711037031559-2,10651
1711037031560-0,10672
1711037031560-1,10672
1711037031560-2,10712
1711037031561-0,10712
1711037031561-1,10746
1711037031562-0,10746
1711037031562-1,10751
1711037031562-2,10751
1711037031563-0,10766
1711037031563-1,10766
1711037031563-2,10795
1711037031564-0,10795
1711037031564-1,10892
1711037031564-2,10892
1711037031565-0,10897
1711037031565-1,10897
1711037031566-0,10917
1711037031566-1,10917
1711037031566-2,10943
1711037031567-0,10943
1711037031567-1,10948
1711037031567-2,10948
1711037031568-0,10952
1711037031568-1,10952
1711037031568-2,10962
1711037031569-0,10962
1711037031569-1,10977
1711037031570-0,10977
1711037031570-1,11134
1711037031570-2,11134
1711037031571-0,11162
1711037031571-1,11162
1711037031571-2,11220
1711037031572-0,11220
1711037031572-1,11580
1711037031572-2,11580
1711037031573-0,11623
1711037031573-1,11623
1711037031573-2,11632
1711037031574-0,11632
1711037031574-1,11753
1711037031574-2,11753
1711037031575-0,11761
1711037031575-1,11761
1711037031575-2,11794
1711037031576-0,11794
1711037031576-1,11818
1711037031576-2,11818
1711037031576-3,11834
1711037031577-0,11834
1711037031577-1,11864
1711037031577-2,11864
1711037031578-0,11895
1711037031578-1,11895
1711037031578-2,11900
1711037031578-3,11900
1711037031579-0,11910
1711037031579-1,11910
1711037031579-2,11918
1711037031579-3,11918
1711037031580-0,11927
1711037031580-1,11927
1711037031580-2,11956
1711037031580-3,11956
1711037031581-0,12035
1711037031581-1,12035
1711037031581-2,12046
1711037031581-3,12046
1711037031582-0,12048
1711037031582-1,12048
1711037031583-0,12064
1711037031583-1,12064
1711037031583-2,12067
1711037031584-0,12067
1711037031584-1,12135
1711037031584-2,12135
1711037031585-0,12149
1711037031585-1,12149
1711037032616-0,9510
1711037032619-0,9510
1711037032623-0,9515
1711037032624-0,9515
1711037032625-0,9521
1711037032626-0,9521
1711037032626-1,9529
1711037032628-0,9529
1711037032630-0,9556
1711037032631-0,9556
1711037032632-0,9577
1711037032633-0,9577
1711037032633-1,9586
1711037032634-0,9586
1711037032634-1,9591
1711037032634-2,9591
1711037032635-0,9597
1711037032638-0,9597
1711037032640-0,9613
1711037032640-1,9613
1711037032641-0,9636
1711037032642-0,9636
1711037032644-0,9646
1711037032649-0,9646
1711037032650-0,9661
1711037032651-0,9661
1711037032651-1,9678
1711037032652-0,9678
1711037032652-1,9686
1711037032652-2,9686
1711037032653-0,9691
1711037032654-0,9691
1711037032655-0,9699
1711037032655-1,9699
1711037032656-0,9736
1711037032656-1,9736
1711037032657-0,9749
1711037032657-1,9749
1711037032658-0,9757
1711037032658-1,9757
1711037032659-0,9769
1711037032659-1,9769
1711037032659-2,9791
1711037032660-0,9791
1711037032660-1,9799
1711037032661-0,9799
1711037032661-1,9827
1711037032662-0,9827
1711037032662-1,9834
1711037032662-2,9834
1711037032663-0,9843
1711037032663-1,9843
1711037032664-0,9860
1711037032664-1,9860
1711037032664-2,9868
1711037032665-0,9868
1711037032665-1,9883
1711037032666-0,9883
1711037032666-1,9884
1711037032666-2,9884
1711037032667-0,9902
1711037032667-1,9902
1711037032667-2,9919
1711037032668-0,9919
1711037032668-1,10038
1711037032669-0,10038
1711037032669-1,10057
1711037032670-0,10057
1711037032670-1,10069
1711037032670-2,10069
1711037032671-0,10145
1711037032671-1,10145
1711037032672-0,10164
1711037032672-1,10164
1711037032672-2,10187
1711037032673-0,10260
1711037032673-1,10260
1711037032674-0,10261
1711037032674-1,10261
1711037032675-0,10283
1711037032675-1,10283
1711037032676-0,10284
1711037032677-0,10284
1711037032680-0,10326
1711037032680-1,10326
1711037032681-0,10333
1711037032682-0,10333
1711037032682-1,10365
1711037032682-2,10365
1711037032683-0,10376
1711037032683-1,10376
1711037032683-2,10377
1711037032684-0,10377
1711037032684-1,10407
1711037032684-2,10407
1711037032685-0,10408
1711037032685-1,10408
1711037032686-0,10415
1711037032686-1,10415
1711037032687-0,10433
1711037032688-0,10433
1711037032689-0,10445
1711037032689-1,10445
1711037032689-2,10455
1711037032690-0,10455
1711037032690-1,10465
1711037032690-2,10465
1711037032691-0,10540
1711037032691-1,10540
1711037032691-2,10584
1711037032692-0,10584
1711037032692-1,10606
1711037032692-2,10644
1711037032693-0,10644
1711037032693-1,10645
1711037032694-0,10645
1711037032700-0,10667
1711037032700-1,10667
1711037032700-2,10675
1711037032701-0,10675
1711037032701-1,10711
1711037032701-2,10711
1711037032702-0,10763
1711037032702-1,10763
1711037032705-0,10786
1711037032706-0,10786
1711037032706-1,10840
1711037032707-0,10840
1711037032707-1,10854
1711037032707-2,10854
1711037032708-0,10891
1711037032708-1,10891
1711037032708-2,10908
1711037032709-0,10908
1711037032709-1,11002
1711037032709-2,11002
1711037032710-0,11011
1711037032710-1,11011
1711037032713-0,11046
1711037032714-0,11046
1711037032714-1,11064
1711037032714-2,11064
1711037032715-0,11070
1711037032715-1,11070
1711037032715-2,11078
1711037032716-0,11078
1711037032717-0,11088
1711037032717-1,11088
1711037032717-2,11112
1711037032718-0,11112
1711037032718-1,11161
1711037032718-2,11161
1711037032719-0,11241
1711037032719-1,11241
1711037032720-0,11310
1711037032720-1,11310
1711037032720-2,11333
1711037032721-0,11333
1711037032721-1,11357
1711037032722-0,11357
1711037032722-1,11374
1711037032723-0,11374
1711037032723-1,11381
1711037032724-0,11381
1711037032724-1,11391
1711037032724-2,11391
1711037032725-0,11392
1711037032725-1,11392
1711037032725-2,11416
1711037032726-0,11416
1711037032726-1,11427
1711037032726-2,11427
1711037032727-0,11456
1711037032727-1,11456
1711037032728-0,11488
1711037032728-1,11488
1711037032729-0,11489
1711037032730-0,11489
1711037032730-1,11509
1711037032731-0,11509
1711037032731-1,11535
1711037032732-0,11535
1711037032732-1,11558
1711037032732-2,11558
1711037032733-0,11579
1711037032733-1,11579
1711037032734-0,11607
1711037032734-1,11607
1711037032734-2,11752
1711037032735-0,11752
1711037032735-1,11762
1711037032739-0,11762
1711037032740-0,11812
1711037032740-1,11812
1711037032740-2,11817
1711037032741-0,11817
1711037032741-1,11872
1711037032742-0,11872
1711037032742-1,11904
1711037032742-2,11904
1711037032745-0,11920
1711037032745-1,11920
1711037032746-0,11933
1711037032747-0,11933
1711037032747-1,11976
1711037032747-2,11976
1711037032748-0,12087
1711037032748-1,12087
1711037032749-0,12111
1711037032749-1,12111
1711037032749-2,12118
1711037032750-0,12118
1711037032750-1,12133
1711037032750-2,12133
1711037032751-0,12185
1711037032751-1,12185
1711037032752-0,12186
1711037032752-1,12186
1711037033769-0,9530
1711037033770-0,9530
1711037033771-0,9537
1711037033773-0,9537
1711037033774-0,9618
1711037033774-1,9618
1711037033775-0,9700
1711037033775-1,9700
1711037033775-2,9712
1711037033775-3,9712
1711037033776-0,9731
1711037033776-1,9731
1711037033776-2,9793
1711037033777-0,9793
1711037033777-1,9813
1711037033778-0,9813
1711037033778-1,9861
1711037033779-0,9861
1711037033779-1,9888
1711037033780-0,9888
1711037033781-0,9901
1711037033781-1,9901
1711037033781-2,9907
1711037033782-0,9907
1711037033782-1,9920
1711037033782-2,9920
1711037033783-0,9921
1711037033783-1,9921
1711037033783-2,9929
1711037033784-0,9929
1711037033784-1,9990
1711037033784-2,9990
1711037033785-0,9999
1711037033785-1,9999
1711037033785-2,10215
1711037033786-0,10215
1711037033786-1,10473
1711037033786-2,10473
1711037033787-0,10560
1711037033787-1,10560
1711037033787-2,10622
1711037033789-0,10622
1711037033790-0,10643
1711037033791-0,10643
1711037033791-1,10674
1711037033791-2,10674
1711037033792-0,10710
1711037033792-1,10710
1711037033792-2,10809
1711037033793-0,10809
1711037033793-1,10905
1711037033793-2,10905
1711037033793-3,10942
1711037033794-0,10942
1711037033794-1,10959
1711037033794-2,10959
1711037033794-3,10976
1711037033795-0,10976
1711037033795-1,11020
1711037033795-2,11020
1711037033795-3,11138
1711037033796-0,11138
1711037033796-1,11198
1711037033796-2,11198
1711037033796-3,11204
1711037033797-0,11204
1711037033797-1,11218
1711037033797-2,11218
1711037033797-3,11230
1711037033798-0,11230
1711037033798-1,11259
1711037033798-2,11259
1711037033798-3,11323
1711037033799-0,11323
1711037033799-1,11519
1711037033799-2,11519
1711037033799-3,11726
1711037033800-0,11726
1711037033800-1,11750
1711037033800-2,11750
1711037033801-0,11784
1711037033801-1,11784
1711037033801-2,11860
1711037033802-0,11860
1711037033802-1,11917
1711037033802-2,11917
1711037033803-0,11932
1711037033803-1,11932
1711037033803-2,11946
1711037033803-3,11946
1711037033804-0,11967
1711037033804-1,11967
1711037033804-2,11980
1711037033805-0,11980
1711037033805-1,12018
1711037033805-2,12018
1711037033806-0,12022
1711037033806-1,12022
1711037034901-0,9516
1711037034902-0,9516
1711037034902-1,9522
1711037034903-0,9522
1711037034903-1,9528
1711037034904-0,9534
1711037034904-1,9534
1711037034905-0,9538
1711037034905-1,9538
1711037034906-0,9544
1711037034907-0,9544
1711037034908-0,9559
1711037034908-1,9559
1711037034909-0,9560
1711037034909-1,9560
1711037034910-0,9563
1711037034910-1,9563
1711037034910-2,9568
1711037034911-0,9568
1711037034911-1,9571
1711037034911-2,9571
1711037034912-0,9579
1711037034912-1,9593
1711037034912-2,9593
1711037034913-0,9602
1711037034913-1,9602
1711037034913-2,9605
1711037034914-0,9605
1711037034914-1,9609
1711037034915-0,9614
1711037034915-1,9614
1711037034915-2,9619
1711037034916-0,9619
1711037034916-1,9621
1711037034916-2,9621
1711037034917-0,9622
1711037034917-1,9622
1711037034918-0,9626
1711037034918-1,9626
1711037034919-0,9632
1711037034919-1,9632
1711037034919-2,9637
1711037034919-3,9637
1711037034920-0,9662
1711037034920-1,9662
1711037034920-2,9669
1711037034920-3,9669
1711037034921-0,9674
1711037034921-1,9674
1711037034921-2,9679
1711037034921-3,9679
1711037034922-0,9681
1711037034922-1,9681
1711037034922-2,9682
1711037034922-3,9682
1711037034923-0,9701
1711037034923-1,9701
1711037034923-2,9702
1711037034923-3,9702
1711037034924-0,9723
1711037034924-1,9723
1711037034924-2,9728
1711037034924-3,9728
1711037034925-0,9732
1711037034925-1,9732
1711037034925-2,9739
1711037034925-3,9739
1711037034926-0,9758
1711037034926-1,9758
1711037034926-2,9761
1711037034927-0,9761
1711037034927-1,9836
1711037034927-2,9836
1711037034928-0,9849
1711037034928-1,9849
1711037034928-2,9895
1711037034929-0,9895
1711037034929-1,9908
1711037034929-2,9908
1711037034930-0,9909
1711037034930-1,9909
1711037034930-2,9930
1711037034930-3,9930
1711037034931-0,9939
1711037034932-0,9939
1711037034932-1,9956
1711037034932-2,9956
1711037034933-0,9977
1711037034933-1,9977
1711037034933-2,9991
1711037034933-3,9991
1711037034934-0,10031
1711037034934-1,10031
1711037034934-2,10039
1711037034934-3,10039
1711037034935-0,10092
1711037034935-1,10092
1711037034935-2,10113
1711037034936-0,10113
1711037034936-1,10144
1711037034937-0,10144
1711037034938-0,10166
1711037034938-1,10166
1711037034938-2,10167
1711037034939-0,10167
1711037034939-1,10168
1711037034939-2,10168
1711037034940-0,10216
1711037034940-1,10216
1711037034940-2,10225
1711037034940-3,10225
1711037034941-0,10254
1711037034942-0,10254
1711037034942-1,10282
1711037034942-2,10282
1711037034943-0,10327
1711037034943-1,10327
1711037034943-2,10332
1711037034943-3,10332
1711037034944-0,10361
1711037034944-1,10369
1711037034944-2,10369
1711037034945-0,10378
1711037034945-1,10378
1711037034946-0,10387
1711037034946-1,10387
1711037034946-2,10448
1711037034947-0,10448
1711037034947-1,10457
1711037034947-2,10457
1711037034948-0,10474
1711037034948-1,10474
1711037034948-2,10531
1711037034949-0,10531
1711037034949-1,10541
1711037034949-2,10541
1711037034950-0,10576
1711037034950-1,10576
1711037034951-0,10607
1711037034951-1,10607
1711037034952-0,10614
1711037034952-1,10614
1711037034952-2,10730
1711037034953-0,10730
1711037034953-1,10734
1711037034953-2,10734
1711037034953-3,10747
1711037034954-0,10747
1711037034954-1,10754
1711037034954-2,10754
1711037034955-0,10776
1711037034955-1,10776
1711037034955-2,10789
1711037034956-0,10789
1711037034956-1,10838
1711037034957-0,10838
1711037034957-1,10841
1711037034957-2,10841
1711037034958-0,10980
1711037034958-1,10980
1711037034959-0,11031
1711037034959-1,11031
1711037034959-2,11079
1711037034960-0,11079
1711037034960-1,11089
1711037034960-2,11089
1711037034961-0,11113
1711037034962-0,11113
1711037034962-1,11148
1711037034963-0,11148
1711037034964-0,11163
1711037034967-0,11163
1711037034967-1,11180
1711037034968-0,11180
1711037034968-1,11221
1711037034969-0,11221
1711037034969-1,11242
1711037034970-0,11242
1711037034970-1,11270
1711037034971-0,11270
1711037034971-1,11300
1711037034971-2,11300
1711037034972-0,11311
1711037034972-1,11311
1711037034972-2,11346
1711037034973-0,11346
1711037034973-1,11358
1711037034974-0,11358
1711037034974-1,11444
1711037034974-2,11444
1711037034975-0,11449
1711037034975-1,11449
1711037034976-0,11480
1711037034976-1,11480
1711037034976-2,11485
1711037034977-0,11485
1711037034977-1,11559
1711037034977-2,11559
1711037034978-0,11564
1711037034978-1,11564
1711037036055-0,9737
1711037036056-0,9737
1711037036057-0,9841
1711037036057-1,9841
1711037036058-0,9891
1711037036058-1,9891
1711037036058-2,9914
1711037036059-0,9914
1711037036059-1,10603
1711037036059-2,10603
1711037036060-0,11437
1711037036060-1,11437
1711037036060-2,11523
1711037036061-0,11523
1711037037090-0,9523
1711037037091-0,9523
1711037037091-1,9539
1711037037092-0,9539
1711037037092-1,9550
1711037037092-2,9550
1711037037093-0,9558
1711037037093-1,9558
1711037037093-2,9562
1711037037093-3,9562
1711037037094-0,9576
1711037037094-1,9576
1711037037094-2,9595
1711037037095-0,9595
1711037037095-1,9608
1711037037095-2,9608
1711037037096-0,9611
1711037037096-1,9611
1711037037097-0,9617
1711037037097-1,9617
1711037037098-0,9668
1711037037098-1,9668
1711037037098-2,9680
1711037037099-0,9680
1711037037099-1,9689
1711037037100-0,9689
1711037037100-1,9696
1711037037100-2,9696
1711037037101-0,9715
1711037037101-1,9715
1711037037101-2,9719
1711037037102-0,9719
1711037037102-1,9766
1711037037102-2,9766
1711037037103-0,9788
1711037037103-1,9788
1711037037103-2,9818
1711037037104-0,9818
1711037037104-1,9839
1711037037104-2,9839
1711037037105-0,9840
1711037037105-1,9840
1711037037105-2,9846
1711037037106-0,9846
1711037037106-1,9865
1711037037108-0,9865
1711037037109-0,9880
1711037037110-0,9880
1711037037110-1,9889
1711037037111-0,9889
1711037037111-1,9912
1711037037112-0,9912
1711037037112-1,9949
1711037037112-2,9949
1711037037113-0,9959
1711037037113-1,9959
1711037037114-0,9981
1711037037114-1,9981
1711037037115-0,10002
1711037037115-1,10002
1711037037116-0,10020
1711037037116-1,10020
1711037037117-0,10025
1711037037117-1,10025
1711037037118-0,10035
1711037037118-1,10035
1711037037118-2,10041
1711037037119-0,10041
1711037037119-1,10060
1711037037120-0,10060
1711037037120-1,10070
1711037037120-2,10070
1711037037121-0,10080
1711037037121-1,10080
1711037037121-2,10081
1711037037122-0,10081
1711037037123-0,10093
1711037037123-1,10093
1711037037123-2,10108
1711037037124-0,10108
1711037037124-1,10151
1711037037124-2,10151
1711037037125-0,10181
1711037037125-1,10181
1711037037125-2,10293
1711037037126-0,10293
1711037037126-1,10330
1711037037126-2,10330
1711037037127-0,10337
1711037037128-0,10337
1711037037128-1,10352
1711037037128-2,10352
1711037037129-0,10383
1711037037129-1,10383
1711037037130-0,10406
1711037037130-1,10406
1711037037131-0,10411
1711037037131-1,10411
1711037037132-0,10420
1711037037132-1,10420
1711037037134-0,10451
1711037037135-0,10451
1711037037135-1,10496
1711037037135-2,10496
1711037037136-0,10535
1711037037136-1,10535
1711037037136-2,10553
1711037037137-0,10553
1711037037137-1,10563
1711037037138-0,10563
1711037037138-1,10591
1711037037138-2,10591
1711037037139-0,10617
1711037037139-1,10617
1711037037140-0,10627
1711037037140-1,10627
1711037037140-2,10628
1711037037141-0,10628
1711037037141-1,10639
1711037037141-2,10639
1711037037142-0,10648
1711037037142-1,10648
1711037037143-0,10664
1711037037143-1,10664
1711037037144-0,10671
1711037037144-1,10671
1711037037145-0,10702
1711037037145-1,10702
1711037037145-2,10770
1711037037146-0,10770
1711037037146-1,10849
1711037037147-0,10849
1711037037147-1,10872
1711037037148-0,10872
1711037037148-1,10921
1711037037149-0,10921
1711037037151-0,10922
1711037037152-0,10922
1711037037153-0,10993
1711037037154-0,10993
1711037037155-0,11025
1711037037156-0,11025
1711037037156-1,11060
1711037037162-0,11060
1711037037163-0,11091
1711037037163-1,11091
1711037037164-0,11117
1711037037165-0,11117
1711037037165-1,11136
1711037037166-0,11136
1711037037166-1,11214
1711037037167-0,11214
1711037037167-1,11236
1711037037167-2,11236
1711037037168-0,11244
1711037037169-0,11244
1711037037170-0,11266
1711037037171-0,11266
1711037037171-1,11318
1711037037171-2,11318
1711037037172-0,11329
1711037037172-1,11329
1711037037172-2,11334
1711037037173-0,11334
1711037037173-1,11379
1711037037174-0,11379
1711037037174-1,11451
1711037037175-0,11451
1711037037175-1,11503
1711037037175-2,11503
1711037037176-0,11517
1711037037176-1,11517
1711037037177-0,11551
1711037037177-1,11551
1711037037178-0,11576
1711037037178-1,11576
1711037037179-0,11577
1711037037179-1,11577
1711037037180-0,11590
1711037037180-1,11590
1711037037180-2,11610
1711037037181-0,11610
1711037037181-1,11624
1711037037182-0,11624
1711037037182-1,11629
1711037037183-0,11629
1711037037183-1,11790
1711037037184-0,11790
1711037037184-1,11830
1711037037185-0,11830
1711037037185-1,11908
1711037037186-0,11908
1711037038215-0,9567
1711037038216-0,9567
1711037038217-0,9585
1711037038218-0,9585
1711037038219-0,10054
1711037038219-1,10054
1711037038221-0,10321
1711037038222-0,10321
